upload,variant,n,acc_unres,bal_unres,bal_oracle_restricted,in_support,cos_to_global_z
"natural composition (2,000 test cells)","global z, no smoothing (how v3 validated)",2000,89.7,76.4435740440982,76.72479513568007,99.8,
"natural composition (2,000 test cells)","per upload z, no smoothing",2000,89.5,75.68886211259999,75.73141530408935,99.85000000000001,0.9999938011169434
"natural composition (2,000 test cells)",per upload z + smoothing (what a query gets),2000,87.94999999999999,65.57804522587041,65.57804522587041,99.95,0.9998096227645874
"SCoPE2 like, macrophage 246 + monocyte 684","global z, no smoothing (how v3 validated)",930,73.65591397849462,64.65019255455712,86.31971188132934,78.92473118279571,
"SCoPE2 like, macrophage 246 + monocyte 684","per upload z, no smoothing",930,54.086021505376344,44.968620738838965,84.5849379546427,56.98924731182796,0.7828574776649475
"SCoPE2 like, macrophage 246 + monocyte 684",per upload z + smoothing (what a query gets),930,60.10752688172043,49.062187990300956,87.93324775353017,62.473118279569896,0.8067004680633545
"myeloid, 4 classes","global z, no smoothing (how v3 validated)",600,72.83333333333334,72.83333333333334,75.33333333333333,96.33333333333334,
"myeloid, 4 classes","per upload z, no smoothing",600,34.66666666666667,34.66666666666667,51.16666666666667,59.166666666666664,0.5096877813339233
"myeloid, 4 classes",per upload z + smoothing (what a query gets),600,31.333333333333336,31.333333333333336,47.833333333333336,59.333333333333336,0.4223843216896057
"lymphoid, 4 classes","global z, no smoothing (how v3 validated)",548,73.17518248175182,73.20068027210884,85.2891156462585,83.21167883211679,
"lymphoid, 4 classes","per upload z, no smoothing",548,39.05109489051095,39.38095238095238,73.34353741496598,47.99270072992701,0.598175048828125
"lymphoid, 4 classes",per upload z + smoothing (what a query gets),548,44.16058394160584,45.816326530612244,76.73809523809524,55.29197080291971,0.6562528014183044
