model,family,regime,accuracy_pct,balanced_accuracy_pct,n_candidate_classes,n_query_cells
v3_seed0,v3,unrestricted,55.369127516778526,38.693541813331365,22,1490
v3_seed0,v3,restricted_shared_knn,84.96644295302013,88.39920893697433,2,1490
v3_seed0,v3,restricted_pool_first,83.28859060402685,77.50472414687466,2,1490
v3_seed1,v3,unrestricted,69.26174496644295,49.843917892474714,22,1490
v3_seed1,v3,restricted_shared_knn,76.57718120805369,59.04326762755196,2,1490
v3_seed1,v3,restricted_pool_first,75.43624161073825,56.72334099077402,2,1490
v3_seed2,v3,unrestricted,33.8255033557047,22.99270072992701,22,1490
v3_seed2,v3,restricted_shared_knn,81.74496644295301,71.00948534588166,2,1490
v3_seed2,v3,restricted_pool_first,74.22818791946308,51.35031864833821,2,1490
v3_seed3,v3,unrestricted,31.476510067114095,32.53177220349031,22,1490
v3_seed3,v3,restricted_shared_knn,78.25503355704699,70.10031864833822,2,1490
v3_seed3,v3,restricted_pool_first,83.15436241610739,70.66698469746933,2,1490
v3_seed4,v3,unrestricted,1.8791946308724832,1.2773722627737227,22,1490
v3_seed4,v3,restricted_shared_knn,55.033557046979865,68.94660787728334,2,1490
v3_seed4,v3,restricted_pool_first,74.42953020134229,51.974878654266554,2,1490
V2_seed0,V2,unrestricted,6.308724832214765,5.58885101337582,22,1490
V2_seed0,V2,restricted_shared_knn,79.32885906040269,63.10834969802512,2,1490
V2_seed0,V2,restricted_pool_first,83.69127516778524,76.15278446774612,2,1490
V2_seed1,V2,unrestricted,22.483221476510067,15.282846715328466,22,1490
V2_seed1,V2,restricted_shared_knn,74.96644295302013,55.509883656304424,2,1490
V2_seed1,V2,restricted_pool_first,73.42281879194631,49.908759124087595,2,1490
V2_seed2,V2,unrestricted,2.8859060402684564,1.9616788321167884,22,1490
V2_seed2,V2,restricted_shared_knn,76.91275167785236,62.68526066175109,2,1490
V2_seed2,V2,restricted_pool_first,74.69798657718121,52.88890844418096,2,1490
V2_seed3,V2,unrestricted,18.120805369127517,12.805216940234912,22,1490
V2_seed3,V2,restricted_shared_knn,76.1744966442953,61.77702026751639,2,1490
V2_seed3,V2,restricted_pool_first,77.31543624161074,58.40712883026418,2,1490
V2_seed4,V2,unrestricted,11.073825503355703,7.527372262773723,22,1490
V2_seed4,V2,restricted_shared_knn,66.64429530201342,48.227287042869314,2,1490
V2_seed4,V2,restricted_pool_first,73.89261744966443,50.797083997184046,2,1490
v3_seed0,v3,unrestricted_native_centroid,45.369127516778526,31.083265404424022,22,1490
v3_seed0,v3,restricted_native_centroid,86.1744966442953,79.7915354403646,2,1490
v3_seed1,v3,unrestricted_native_centroid,66.24161073825503,48.197413761161954,22,1490
v3_seed1,v3,restricted_native_centroid,77.38255033557047,60.809959613175735,2,1490
v3_seed2,v3,unrestricted_native_centroid,39.19463087248322,26.642335766423358,22,1490
v3_seed2,v3,restricted_native_centroid,77.98657718120805,58.45691763310978,2,1490
v3_seed3,v3,unrestricted_native_centroid,19.463087248322147,21.927220349031085,22,1490
v3_seed3,v3,restricted_native_centroid,81.61073825503355,66.77280558746156,2,1490
v3_seed4,v3,unrestricted_native_centroid,0.20134228187919465,0.13686131386861314,22,1490
v3_seed4,v3,restricted_native_centroid,73.75838926174497,50.787126236614924,2,1490
V2_seed0,V2,unrestricted_native_centroid,2.0805369127516777,1.7393660380154878,22,1490
V2_seed0,V2,restricted_native_centroid,57.18120805369128,69.67491385379229,2,1490
V2_seed1,V2,unrestricted_native_centroid,13.087248322147651,8.977268516803143,22,1490
V2_seed1,V2,restricted_native_centroid,72.81879194630872,52.09923487346697,2,1490
V2_seed2,V2,unrestricted_native_centroid,0.33557046979865773,0.22810218978102187,22,1490
V2_seed2,V2,restricted_native_centroid,76.1744966442953,58.36312942309829,2,1490
V2_seed3,V2,unrestricted_native_centroid,2.4161073825503356,2.536450035199526,22,1490
V2_seed3,V2,restricted_native_centroid,67.78523489932886,73.22520286042462,2,1490
V2_seed4,V2,unrestricted_native_centroid,2.348993288590604,1.921847789840305,22,1490
V2_seed4,V2,restricted_native_centroid,74.22818791946308,51.4316017636815,2,1490
