ours_model,family,regime,scanvi_seed,diff_point_pct,ci_lo,ci_hi,ci_excludes_zero,verdict
V2_seed0,V2,unrestricted,0,-7.1392511764052005,-8.894468579791765,-5.51093732631813,False,scanvi_sig_better
V2_seed0,V2,unrestricted,1,-2.12100300122272,-3.805786616769795,-0.5739722664789363,False,scanvi_sig_better
V2_seed0,V2,unrestricted,2,-6.764329912186448,-8.604894586683463,-5.000839462373559,False,scanvi_sig_better
V2_seed0,V2,restricted_shared_knn,0,-14.92760939642076,-17.73817573826374,-11.83207163103486,False,scanvi_sig_better
V2_seed0,V2,restricted_shared_knn,1,-14.05503167957316,-16.75483530327171,-11.147081913001596,False,scanvi_sig_better
V2_seed0,V2,restricted_shared_knn,2,-13.153506984326944,-16.12257540108933,-10.148526946163257,False,scanvi_sig_better
V2_seed0,V2,restricted_pool_first,0,20.800603949757313,17.520778141094514,24.120365009818816,True,ours_sig_better
V2_seed0,V2,restricted_pool_first,1,14.160167105116894,10.986582496572671,17.3075489088147,True,ours_sig_better
V2_seed0,V2,restricted_pool_first,2,8.488411945607465,4.976524000518727,11.833773713364716,True,ours_sig_better
V2_seed1,V2,unrestricted,0,2.554744525547445,0.9580291970802928,4.1058394160583935,True,ours_sig_better
V2_seed1,V2,unrestricted,1,7.572992700729926,5.930656934306571,9.262089416058387,True,ours_sig_better
V2_seed1,V2,unrestricted,2,2.929665789766199,1.2317518248175174,4.5263811182333535,True,ours_sig_better
V2_seed1,V2,restricted_shared_knn,0,-22.526075438141454,-24.96147157175145,-20.04926775723442,False,scanvi_sig_better
V2_seed1,V2,restricted_shared_knn,1,-21.653497721293856,-24.049022286857607,-19.197937122531407,False,scanvi_sig_better
V2_seed1,V2,restricted_shared_knn,2,-20.751973026047644,-23.466881183074584,-17.971633119048505,False,scanvi_sig_better
V2_seed1,V2,restricted_pool_first,0,-5.44342139390121,-7.797430203045686,-3.373029289710624,False,scanvi_sig_better
V2_seed1,V2,restricted_pool_first,1,-12.083858238541628,-14.551101837785762,-9.627070287895071,False,scanvi_sig_better
V2_seed1,V2,restricted_pool_first,2,-17.755613398051057,-20.39919620030383,-15.389713170180451,False,scanvi_sig_better
V2_seed2,V2,unrestricted,0,-10.766423357664232,-12.08941605839416,-9.534671532846716,False,scanvi_sig_better
V2_seed2,V2,unrestricted,1,-5.748175182481752,-6.934306569343065,-4.652144160583947,False,scanvi_sig_better
V2_seed2,V2,unrestricted,2,-10.391502093445478,-11.877061024861982,-9.068011504687098,False,scanvi_sig_better
V2_seed2,V2,restricted_shared_knn,0,-15.3506984326948,-18.353495868687247,-12.30138899181148,False,scanvi_sig_better
V2_seed2,V2,restricted_shared_knn,1,-14.478120715847195,-17.553719802512145,-11.380712975656747,False,scanvi_sig_better
V2_seed2,V2,restricted_shared_knn,2,-13.576596020600984,-16.72779303605173,-10.383883248730967,False,scanvi_sig_better
V2_seed2,V2,restricted_pool_first,0,-2.463272073807843,-5.138204453666306,-0.0876630293823424,False,scanvi_sig_better
V2_seed2,V2,restricted_pool_first,1,-9.10370891844826,-11.849966653080893,-6.398903256882438,False,scanvi_sig_better
V2_seed2,V2,restricted_pool_first,2,-14.77546407795769,-17.515932416910584,-12.207270786246248,False,scanvi_sig_better
V2_seed3,V2,unrestricted,0,0.077114750453891,-1.7634499240431285,1.7752776594167978,False,not_significant
V2_seed3,V2,unrestricted,1,5.095362925636373,3.427073298380821,6.8290843028641275,True,ours_sig_better
V2_seed3,V2,unrestricted,2,0.4520360146726451,-1.2723296991366877,2.1757996313312824,False,not_significant
V2_seed3,V2,restricted_shared_knn,0,-16.25893882692949,-19.18030841268665,-13.200748453073484,False,scanvi_sig_better
V2_seed3,V2,restricted_shared_knn,1,-15.386361110081891,-18.117722729630593,-12.478515552632562,False,scanvi_sig_better
V2_seed3,V2,restricted_shared_knn,2,-14.484836414835678,-17.473467199599845,-11.424631331283107,False,scanvi_sig_better
V2_seed3,V2,restricted_pool_first,0,3.054948312275374,0.2274074622994559,5.93410741413169,True,ours_sig_better
V2_seed3,V2,restricted_pool_first,1,-3.5854885323650443,-6.498729806587869,-0.6149438197043233,False,scanvi_sig_better
V2_seed3,V2,restricted_pool_first,2,-9.257243691874471,-12.485555457779084,-6.232660759939239,False,scanvi_sig_better
V2_seed4,V2,unrestricted,0,-5.200729927007298,-6.751824817518248,-3.73973540145986,False,scanvi_sig_better
V2_seed4,V2,unrestricted,1,-0.1824817518248173,-1.6434762773722635,1.2328923357664177,False,not_significant
V2_seed4,V2,unrestricted,2,-4.825808662788544,-6.468144429211901,-3.2846715328467155,False,scanvi_sig_better
V2_seed4,V2,restricted_shared_knn,0,-29.80867205157657,-32.396636129534265,-27.311699905517067,False,scanvi_sig_better
V2_seed4,V2,restricted_shared_knn,1,-28.936094334728967,-31.528412038237807,-26.266245044277305,False,scanvi_sig_better
V2_seed4,V2,restricted_shared_knn,2,-28.03456963948275,-30.876340824039424,-25.15303109600208,False,scanvi_sig_better
V2_seed4,V2,restricted_pool_first,0,-4.555096520804758,-7.0062398106636055,-2.397591379821408,False,scanvi_sig_better
V2_seed4,V2,restricted_pool_first,1,-11.195533365445176,-13.718250954092415,-8.74820528733929,False,scanvi_sig_better
V2_seed4,V2,restricted_pool_first,2,-16.867288524954603,-19.57223892141242,-14.364526983215384,False,scanvi_sig_better
v3_seed0,v3,unrestricted,0,25.965439623550346,24.160537626440405,27.68905850531698,True,ours_sig_better
v3_seed0,v3,unrestricted,1,30.983687798732824,29.27384188928823,32.70755562451368,True,ours_sig_better
v3_seed0,v3,unrestricted,2,26.340360887769094,24.503715634147248,28.10960020749194,True,ours_sig_better
v3_seed0,v3,restricted_shared_knn,0,10.363249842528443,8.211678832116798,12.554796630108566,True,ours_sig_better
v3_seed0,v3,restricted_shared_knn,1,11.235827559376045,9.135666382600316,13.34605070584312,True,ours_sig_better
v3_seed0,v3,restricted_shared_knn,2,12.137352254622256,9.88026950794768,14.429993469561682,True,ours_sig_better
v3_seed0,v3,restricted_pool_first,0,22.15254362888586,18.841704027566795,25.38699794360665,True,ours_sig_better
v3_seed0,v3,restricted_pool_first,1,15.51210678424544,12.309395726036527,18.679195690837,True,ours_sig_better
v3_seed0,v3,restricted_pool_first,2,9.84035162473601,6.4952388009930075,13.134303558857308,True,ours_sig_better
v3_seed1,v3,unrestricted,0,37.115815702693695,35.20367672940827,39.144940994479235,True,ours_sig_better
v3_seed1,v3,unrestricted,1,42.13406387787618,40.196468931787024,44.03624509059246,True,ours_sig_better
v3_seed1,v3,unrestricted,2,37.49073696691244,35.41049131127497,39.4642435344029,True,ours_sig_better
v3_seed1,v3,restricted_shared_knn,0,-18.99269146689392,-21.71334849383082,-16.114968135166187,False,scanvi_sig_better
v3_seed1,v3,restricted_shared_knn,1,-18.12011375004632,-20.620901107858757,-15.466428452332428,False,scanvi_sig_better
v3_seed1,v3,restricted_shared_knn,2,-17.218589054800105,-20.00899093149061,-14.376175247322994,False,scanvi_sig_better
v3_seed1,v3,restricted_pool_first,0,1.3711604727852156,-1.5165206195116545,4.355727101782205,False,not_significant
v3_seed1,v3,restricted_pool_first,1,-5.269276371855202,-8.212182509540929,-2.411364352143461,False,scanvi_sig_better
v3_seed1,v3,restricted_pool_first,2,-10.941031531364631,-14.129471729223024,-7.865224026455218,False,scanvi_sig_better
v3_seed2,v3,unrestricted,0,10.264598540145986,8.348540145985403,12.043795620437956,True,ours_sig_better
v3_seed2,v3,unrestricted,1,15.282846715328468,13.594890510948904,16.925182481751825,True,ours_sig_better
v3_seed2,v3,unrestricted,2,10.63951980436474,8.632220534291749,12.454379562043796,True,ours_sig_better
v3_seed2,v3,restricted_shared_knn,0,-7.026473748564232,-9.99921264218755,-3.853635972062695,False,scanvi_sig_better
v3_seed2,v3,restricted_shared_knn,1,-6.1538960317166325,-8.970500713253553,-3.1351430212308684,False,scanvi_sig_better
v3_seed2,v3,restricted_shared_knn,2,-5.252371336470418,-8.255168772462847,-2.283551863722254,False,scanvi_sig_better
v3_seed2,v3,restricted_pool_first,0,-4.001861869650591,-6.462962920078551,-1.76875879988143,False,scanvi_sig_better
v3_seed2,v3,restricted_pool_first,1,-10.642298714291009,-13.265821260513544,-8.155492747045102,False,scanvi_sig_better
v3_seed2,v3,restricted_pool_first,2,-16.31405387380044,-19.13605427211086,-13.694699692467305,False,scanvi_sig_better
v3_seed3,v3,unrestricted,0,19.80367001370929,16.733837165141356,22.954826503390276,True,ours_sig_better
v3_seed3,v3,unrestricted,1,24.82191818889177,21.793166892067138,27.831605005743075,True,ours_sig_better
v3_seed3,v3,unrestricted,2,20.17859127792804,16.992999462744077,23.29854292489533,True,ours_sig_better
v3_seed3,v3,restricted_shared_knn,0,-7.935640446107673,-11.142809338989958,-4.724801076364442,False,scanvi_sig_better
v3_seed3,v3,restricted_shared_knn,1,-7.063062729260072,-9.899582931935218,-4.237102384304719,False,scanvi_sig_better
v3_seed3,v3,restricted_shared_knn,2,-6.161538034013859,-9.434057625328837,-3.1671583793397264,False,scanvi_sig_better
v3_seed3,v3,restricted_pool_first,0,15.314804179480534,12.268765747156246,18.608756113601824,True,ours_sig_better
v3_seed3,v3,restricted_pool_first,1,8.674367334840117,5.415788608321913,11.980251213457334,True,ours_sig_better
v3_seed3,v3,restricted_pool_first,2,3.002612175330688,-0.4242816517840591,6.510540173774495,False,not_significant
v3_seed4,v3,unrestricted,0,-11.450729927007298,-12.819343065693433,-10.127737226277372,False,scanvi_sig_better
v3_seed4,v3,unrestricted,1,-6.432481751824818,-7.572992700729926,-5.337591240875912,False,scanvi_sig_better
v3_seed4,v3,unrestricted,2,-11.075808662788544,-12.454524296935787,-9.80839416058394,False,scanvi_sig_better
v3_seed4,v3,restricted_shared_knn,0,-9.089351217162545,-11.294919921078955,-6.7708371929304505,False,scanvi_sig_better
v3_seed4,v3,restricted_shared_knn,1,-8.216773500314945,-10.489458668346352,-6.080949646152134,False,scanvi_sig_better
v3_seed4,v3,restricted_shared_knn,2,-7.31524880506873,-9.877901645114669,-4.794152247211835,False,scanvi_sig_better
v3_seed4,v3,restricted_pool_first,0,-3.3773018637222485,-5.812842732224243,-1.0787670439808787,False,scanvi_sig_better
v3_seed4,v3,restricted_pool_first,1,-10.017738708362668,-12.625803568120352,-7.362513431397982,False,scanvi_sig_better
v3_seed4,v3,restricted_pool_first,2,-15.689493867872097,-18.64433195005372,-12.994645966875396,False,scanvi_sig_better
