model,family,smooth,scope2_unres,scope2_restr,scope2_in_support,scope2_pred_myeloid,scope2_mac_recall_restr,scope2_mon_recall_restr,pbmc_lineage_acc,pbmc_lymphoid_recall,pbmc_myeloid_recall,pbmc_pred_lymphoid,pbmc_pred_myeloid
v3_seed0,v3,True,31.083265404424022,79.7915354403646,45.77181208053691,66.97986577181209,66.24365482233503,93.33941605839416,45.90163934426229,43.58974358974359,100.0,39.24050632911392,57.383966244725734
v3_seed1,v3,True,48.197413761161954,60.809959613175735,71.00671140939598,95.70469798657719,25.63451776649746,95.98540145985402,57.377049180327866,55.55555555555556,100.0,49.36708860759494,50.210970464135016
v3_seed2,v3,True,26.642335766423358,58.45691763310978,39.79865771812081,87.4496644295302,17.00507614213198,99.90875912408758,49.18032786885246,47.008547008547005,100.0,44.303797468354425,50.63291139240506
v3_seed3,v3,True,21.927220349031085,66.77280558746156,29.328859060402685,91.34228187919463,35.27918781725889,98.26642335766424,64.75409836065575,63.24786324786324,100.0,57.80590717299579,40.92827004219409
v3_seed4,v3,True,0.13686131386861314,50.787126236614924,0.20134228187919465,71.14093959731544,2.030456852791878,99.54379562043796,56.557377049180324,54.700854700854705,100.0,45.9915611814346,50.63291139240506
V2_seed0,V2,True,1.7393660380154878,69.67491385379229,2.5503355704697985,50.53691275167785,96.19289340101524,43.15693430656935,91.80327868852459,92.3076923076923,80.0,77.21518987341773,16.455696202531644
V2_seed1,V2,True,8.977268516803143,52.09923487346697,13.48993288590604,26.040268456375838,8.121827411167512,96.07664233576642,93.44262295081968,94.01709401709401,80.0,80.16877637130801,16.033755274261605
V2_seed2,V2,True,0.22810218978102187,58.36312942309829,0.33557046979865773,27.71812080536913,20.558375634517766,96.16788321167883,91.80327868852459,92.3076923076923,80.0,78.90295358649789,17.29957805907173
V2_seed3,V2,True,2.536450035199526,73.22520286042462,2.684563758389262,70.67114093959731,84.77157360406092,61.67883211678832,91.80327868852459,92.3076923076923,80.0,76.79324894514767,19.40928270042194
V2_seed4,V2,True,1.921847789840305,51.4316017636815,2.5503355704697985,44.36241610738255,3.0456852791878175,99.81751824817519,92.62295081967213,93.16239316239316,80.0,78.90295358649789,16.033755274261605
v3_seed0,v3,False,29.653979399014414,74.33699840675831,42.41610738255034,71.34228187919463,65.73604060913706,82.93795620437956,45.90163934426229,43.58974358974359,100.0,39.66244725738397,54.008438818565395
v3_seed1,v3,False,43.17986031346104,67.1542109748416,61.61073825503356,89.59731543624162,44.16243654822335,90.14598540145985,47.540983606557376,45.2991452991453,100.0,42.19409282700422,54.85232067510548
v3_seed2,v3,False,24.45834414020527,60.37204972396161,38.45637583892618,87.71812080536913,22.84263959390863,97.90145985401459,45.90163934426229,43.58974358974359,100.0,41.77215189873418,45.14767932489451
v3_seed3,v3,False,22.70948349327504,66.3439271555078,31.476510067114095,90.0,38.07106598984771,94.61678832116789,54.91803278688525,52.991452991452995,100.0,52.742616033755276,41.77215189873418
v3_seed4,v3,False,4.75772536959502,56.21317944347697,6.174496644295302,75.03355704697987,19.543147208121827,92.88321167883211,56.557377049180324,54.700854700854705,100.0,50.210970464135016,42.19409282700422
V2_seed0,V2,False,5.299381229389751,65.6894938678721,10.268456375838927,46.308724832214764,87.30964467005076,44.06934306569343,90.1639344262295,90.5982905982906,80.0,75.10548523206751,19.40928270042194
V2_seed1,V2,False,11.629043313942718,56.16339064063137,17.38255033557047,30.469798657718123,20.812182741116754,91.51459854014598,90.1639344262295,90.5982905982906,80.0,78.90295358649789,17.72151898734177
V2_seed2,V2,False,2.326642335766423,60.487142910074475,3.557046979865772,37.38255033557047,35.025380710659896,85.94890510948905,90.1639344262295,90.5982905982906,80.0,77.21518987341773,19.40928270042194
V2_seed3,V2,False,8.039849568342659,69.06725888324874,10.805369127516778,62.214765100671144,75.63451776649747,62.5,90.98360655737704,91.45299145299145,80.0,76.79324894514767,19.40928270042194
V2_seed4,V2,False,9.490672125680833,55.29336025788284,14.29530201342282,51.54362416107383,16.243654822335024,94.34306569343066,91.80327868852459,92.3076923076923,80.0,78.48101265822784,18.565400843881857
