tool,seed,rule,balanced_accuracy_pct,recall_CD4T_pct,recall_CD8T_pct,recall_NK_pct,recall_B_pct,recall_monocyte_pct,recall_DC_pct,lymphoid_recall_pct,myeloid_recall_pct,pred_CD4T_pct,pred_CD8T_pct,pred_NK_pct,pred_B_pct,pred_monocyte_pct,pred_DC_pct,pred_other_pct
maxfuse,0,shared kNN,1.0599415204678364,0.0,0.0,0.0,0.0,6.359649122807018,0.0,1.214574898785425,94.70588235294117,0.15987210231814547,0.2398081534772182,0.07993605115907274,0.31974420463629094,5.755395683453238,0.0,93.44524380495604
maxfuse,0,nearest centroid,11.830114421038026,12.662337662337661,5.524861878453039,5.333333333333334,15.686274509803921,28.07017543859649,3.7037037037037033,35.22267206477733,59.21568627450981,10.551558752997602,4.476418864908074,4.316546762589928,9.59232613908873,20.783373301358914,8.47322142286171,41.80655475619504
maxfuse,1,shared kNN,1.1506037821827295,0.3246753246753247,0.0,0.0,0.0,6.578947368421052,0.0,0.5398110661268556,94.11764705882352,0.3996802557953637,0.15987210231814547,0.07993605115907274,0.0,6.634692246203038,0.0,92.72581934452438
maxfuse,1,nearest centroid,11.712532943777491,14.285714285714285,6.629834254143646,1.3333333333333335,16.666666666666664,31.359649122807014,0.0,36.032388663967616,62.745098039215684,12.310151878497203,4.476418864908074,3.037569944044764,8.47322142286171,21.742605915267784,8.313349320543566,41.6466826538769
maxfuse,2,shared kNN,1.8816306629624455,1.2987012987012987,0.5524861878453038,0.6666666666666667,0.0,8.771929824561402,0.0,1.349527665317139,92.94117647058823,0.7194244604316548,0.15987210231814547,0.07993605115907274,0.15987210231814547,7.8337330135891285,0.0,91.04716227018386
maxfuse,2,nearest centroid,9.635790135526436,11.688311688311687,4.972375690607735,2.0,7.8431372549019605,23.903508771929825,7.4074074074074066,36.16734143049933,61.1764705882353,12.54996003197442,6.394884092725819,3.6770583533173458,6.474820143884892,15.987210231814547,11.510791366906476,43.4052757793765
scglue,0,shared kNN,15.933987534055097,11.03896103896104,6.077348066298343,34.66666666666667,22.54901960784314,21.271929824561404,0.0,25.236167341430498,98.0392156862745,5.115907274180655,3.1974420463629096,4.396482813749001,3.037569944044764,12.070343725019985,0.0,72.18225419664267
scglue,0,nearest centroid,23.61975056347708,19.805194805194805,1.1049723756906076,58.666666666666664,30.392156862745097,7.675438596491229,24.074074074074073,46.42375168690958,70.3921568627451,12.86970423661071,0.6394884092725819,8.393285371702639,13.74900079936051,5.275779376498801,18.62509992006395,40.44764188649081
scglue,1,shared kNN,19.169852615061554,13.636363636363635,8.287292817679557,38.0,25.49019607843137,29.605263157894733,0.0,31.84885290148448,97.6470588235294,6.71462829736211,4.476418864908074,4.95603517186251,3.6770583533173458,16.866506794564348,0.0,63.30935251798561
scglue,1,nearest centroid,24.855260329028635,17.20779220779221,1.6574585635359116,56.666666666666664,31.372549019607842,10.74561403508772,31.48148148148148,43.7246963562753,67.45098039215686,12.709832134292565,0.6394884092725819,8.313349320543566,12.86970423661071,6.075139888089528,18.385291766586732,41.007194244604314
scglue,2,shared kNN,19.917933967140304,14.61038961038961,12.154696132596685,36.666666666666664,26.47058823529412,29.605263157894733,0.0,34.41295546558704,95.49019607843138,7.194244604316546,5.515587529976019,4.636290967226219,4.876099120703437,16.866506794564348,0.0,60.91127098321343
scglue,2,nearest centroid,24.231679500051516,14.935064935064934,2.7624309392265194,58.666666666666664,28.431372549019606,10.964912280701753,29.629629629629626,42.7800269905533,67.84313725490196,11.191047162270182,0.8792965627498002,8.792965627498003,13.189448441247004,6.314948041566747,18.62509992006395,41.007194244604314
harmony,0,shared kNN,36.90329740503355,57.14285714285714,35.91160220994475,10.666666666666668,59.80392156862745,57.89473684210527,0.0,74.22402159244264,94.90196078431372,18.385291766586732,10.151878497202238,9.512390087929656,6.794564348521183,26.698641087130298,0.0,28.457234212629896
harmony,0,nearest centroid,34.69018179231476,53.896103896103895,29.83425414364641,16.0,54.90196078431373,53.50877192982456,0.0,72.8744939271255,94.31372549019608,17.905675459632295,7.274180655475619,9.59232613908873,6.474820143884892,25.09992006394884,1.9984012789768184,31.654676258992804
harmony,1,shared kNN,33.86895984260984,66.88311688311688,29.83425414364641,13.333333333333334,72.54901960784314,20.614035087719298,0.0,67.20647773279353,95.49019607843138,22.062350119904075,7.114308553157474,3.357314148681055,8.313349320543566,13.189448441247004,0.0,45.96322941646683
harmony,1,nearest centroid,32.52303350193896,64.93506493506493,21.54696132596685,18.0,64.70588235294117,20.394736842105264,5.555555555555555,66.26180836707152,89.80392156862746,22.302158273381295,4.556354916067146,4.7162270183852915,7.274180655475619,13.109512390087929,15.347721822541965,32.69384492406075
harmony,2,shared kNN,25.164121581911463,37.98701298701299,20.441988950276244,12.666666666666668,56.86274509803921,23.026315789473685,0.0,43.859649122807014,93.92156862745098,13.189448441247004,5.275779376498801,2.5579536370903275,6.554756195043964,20.783373301358914,0.0,51.63868904876099
harmony,2,nearest centroid,24.086324608981393,35.38961038961039,16.022099447513813,18.666666666666668,50.0,22.587719298245617,1.8518518518518516,43.04993252361673,72.74509803921568,12.310151878497203,3.277378097521982,3.6770583533173458,5.915267785771383,13.42925659472422,16.706634692246205,44.68425259792166
seurat,0,Seurat native transfer,18.872132511926058,21.753246753246753,11.049723756906078,12.666666666666668,33.33333333333333,34.42982456140351,0.0,33.603238866396765,97.05882352941177,8.952837729816148,3.5171862509992007,1.7585931254996003,6.155075939248602,23.90087929656275,0.0,55.715427657873704
seurat,1,Seurat native transfer,18.872132511926058,21.753246753246753,11.049723756906078,12.666666666666668,33.33333333333333,34.42982456140351,0.0,33.603238866396765,97.05882352941177,8.952837729816148,3.5171862509992007,1.7585931254996003,6.155075939248602,23.90087929656275,0.0,55.715427657873704
seurat,2,Seurat native transfer,18.872132511926058,21.753246753246753,11.049723756906078,12.666666666666668,33.33333333333333,34.42982456140351,0.0,33.603238866396765,97.05882352941177,8.952837729816148,3.5171862509992007,1.7585931254996003,6.155075939248602,23.90087929656275,0.0,55.715427657873704
correlation,0,correlation to class mean,46.86225432953706,71.42857142857143,7.734806629834254,41.333333333333336,71.56862745098039,50.21929824561403,38.88888888888889,77.32793522267207,96.86274509803921,26.219024780175857,1.4388489208633095,7.434052757793765,9.832134292565947,19.82414068745004,3.357314148681055,31.894484412470025
v3.1 (served),0,best guess (served),57.93590104394373,72.40259740259741,25.96685082872928,60.66666666666667,97.05882352941177,85.96491228070175,5.555555555555555,98.78542510121457,92.74509803921569,27.018385291766588,8.872901678657074,8.073541167066347,15.987210231814547,33.81294964028777,3.8369304556354913,2.3980815347721824
