tool,rule,metric,mean,std,min,max,count
maxfuse,shared kNN,balanced_accuracy_pct,1.364058655204337,0.45051692402825955,1.0599415204678364,1.8816306629624455,3
maxfuse,shared kNN,recall_CD4T_pct,0.5411255411255411,0.6758655842422508,0.0,1.2987012987012987,3
maxfuse,shared kNN,recall_CD8T_pct,0.18416206261510126,0.3189780492760363,0.0,0.5524861878453038,3
maxfuse,shared kNN,recall_NK_pct,0.22222222222222224,0.3849001794597506,0.0,0.6666666666666667,3
maxfuse,shared kNN,recall_B_pct,0.0,0.0,0.0,0.0,3
maxfuse,shared kNN,recall_monocyte_pct,7.2368421052631575,1.3339391513811878,6.359649122807018,8.771929824561402,3
maxfuse,shared kNN,recall_DC_pct,0.0,0.0,0.0,0.0,3
maxfuse,shared kNN,lymphoid_recall_pct,1.03463787674314,0.43381244988722245,0.5398110661268556,1.349527665317139,3
maxfuse,shared kNN,myeloid_recall_pct,93.92156862745098,0.8985442539129116,92.94117647058823,94.70588235294117,3
maxfuse,shared kNN,pred_CD4T_pct,0.42632560618172133,0.28072618579410447,0.15987210231814547,0.7194244604316548,3
maxfuse,shared kNN,pred_CD8T_pct,0.18651745270450304,0.04615110065464636,0.15987210231814547,0.2398081534772182,3
maxfuse,shared kNN,pred_NK_pct,0.07993605115907274,0.0,0.07993605115907274,0.07993605115907274,3
maxfuse,shared kNN,pred_B_pct,0.15987210231814547,0.15987210231814547,0.0,0.31974420463629094,3
maxfuse,shared kNN,pred_monocyte_pct,6.741273647748468,1.043259896107215,5.755395683453238,7.8337330135891285,3
maxfuse,shared kNN,pred_DC_pct,0.0,0.0,0.0,0.0,3
maxfuse,shared kNN,pred_other_pct,92.4060751398881,1.2305998655747832,91.04716227018386,93.44524380495604,3
maxfuse,nearest centroid,balanced_accuracy_pct,11.059479166780653,1.2343517303564107,9.635790135526436,11.830114421038026,3
maxfuse,nearest centroid,recall_CD4T_pct,12.878787878787877,1.3121597027036953,11.688311688311687,14.285714285714285,3
maxfuse,nearest centroid,recall_CD8T_pct,5.70902394106814,0.8439365920728986,4.972375690607735,6.629834254143646,3
maxfuse,nearest centroid,recall_NK_pct,2.8888888888888893,2.1430335024428793,1.3333333333333335,5.333333333333334,3
maxfuse,nearest centroid,recall_B_pct,13.398692810457517,4.836159668937498,7.8431372549019605,16.666666666666664,3
maxfuse,nearest centroid,recall_monocyte_pct,27.777777777777775,3.7366602102725297,23.903508771929825,31.359649122807014,3
maxfuse,nearest centroid,recall_DC_pct,3.7037037037037037,3.7037037037037033,0.0,7.4074074074074066,3
maxfuse,nearest centroid,lymphoid_recall_pct,35.80746738641476,0.5109229280971904,35.22267206477733,36.16734143049933,3
maxfuse,nearest centroid,myeloid_recall_pct,61.045751633986924,1.7683332364011306,59.21568627450981,62.745098039215684,3
maxfuse,nearest centroid,pred_CD4T_pct,11.803890221156408,1.0911588185154955,10.551558752997602,12.54996003197442,3
maxfuse,nearest centroid,pred_CD8T_pct,5.115907274180656,1.1076264157115119,4.476418864908074,6.394884092725819,3
maxfuse,nearest centroid,pred_NK_pct,3.6770583533173458,0.6394884092725818,3.037569944044764,4.316546762589928,3
maxfuse,nearest centroid,pred_B_pct,8.180122568611777,1.5792850000253071,6.474820143884892,9.59232613908873,3
maxfuse,nearest centroid,pred_monocyte_pct,19.50439648281375,3.0835014423638536,15.987210231814547,21.742605915267784,3
maxfuse,nearest centroid,pred_DC_pct,9.432454036770585,1.8016670934587762,8.313349320543566,11.510791366906476,3
maxfuse,nearest centroid,pred_other_pct,42.28617106314948,0.9724640336208196,41.6466826538769,43.4052757793765,3
scglue,shared kNN,balanced_accuracy_pct,18.34059137208565,2.117477969720002,15.933987534055097,19.917933967140304,3
scglue,shared kNN,recall_CD4T_pct,13.095238095238095,1.8461820464536773,11.03896103896104,14.61038961038961,3
scglue,shared kNN,recall_CD8T_pct,8.83977900552486,3.076112907640897,6.077348066298343,12.154696132596685,3
scglue,shared kNN,recall_NK_pct,36.44444444444445,1.6777409856157195,34.66666666666667,38.0,3
scglue,shared kNN,recall_B_pct,24.836601307189543,2.0408490190844435,22.54901960784314,26.47058823529412,3
scglue,shared kNN,recall_monocyte_pct,26.827485380116958,4.811252243246878,21.271929824561404,29.605263157894733,3
scglue,shared kNN,recall_DC_pct,0.0,0.0,0.0,0.0,3
scglue,shared kNN,lymphoid_recall_pct,30.49932523616734,4.734900079041519,25.236167341430498,34.41295546558704,3
scglue,shared kNN,myeloid_recall_pct,97.05882352941177,1.3725490196078387,95.49019607843138,98.0392156862745,3
scglue,shared kNN,pred_CD4T_pct,6.341593391953104,1.0882269041653156,5.115907274180655,7.194244604316546,3
scglue,shared kNN,pred_CD8T_pct,4.396482813749,1.161138213136207,3.1974420463629096,5.515587529976019,3
scglue,shared kNN,pred_NK_pct,4.662936317612576,0.2807261857941042,4.396482813749001,4.95603517186251,3
scglue,shared kNN,pred_B_pct,3.8635758060218492,0.933348248768292,3.037569944044764,4.876099120703437,3
scglue,shared kNN,pred_monocyte_pct,15.267785771382895,2.76906603927878,12.070343725019985,16.866506794564348,3
scglue,shared kNN,pred_DC_pct,0.0,0.0,0.0,0.0,3
scglue,shared kNN,pred_other_pct,65.46762589928058,5.937370936757767,60.91127098321343,72.18225419664267,3
scglue,nearest centroid,balanced_accuracy_pct,24.235563464185745,0.61776403996701,23.61975056347708,24.855260329028635,3
scglue,nearest centroid,recall_CD4T_pct,17.316017316017316,2.436868019306861,14.935064935064934,19.805194805194805,3
scglue,nearest centroid,recall_CD8T_pct,1.8416206261510129,0.8439365920728988,1.1049723756906076,2.7624309392265194,3
scglue,nearest centroid,recall_NK_pct,58.0,1.154700538379251,56.666666666666664,58.666666666666664,3
scglue,nearest centroid,recall_B_pct,30.06535947712418,1.497573756521517,28.431372549019606,31.372549019607842,3
scglue,nearest centroid,recall_monocyte_pct,9.7953216374269,1.8391440972820348,7.675438596491229,10.964912280701753,3
scglue,nearest centroid,recall_DC_pct,28.39506172839506,3.854937036048393,24.074074074074073,31.48148148148148,3
scglue,nearest centroid,lymphoid_recall_pct,44.309491677912725,1.8909446295082084,42.7800269905533,46.42375168690958,3
scglue,nearest centroid,myeloid_recall_pct,68.56209150326798,1.5969662382837397,67.45098039215686,70.3921568627451,3
scglue,nearest centroid,pred_CD4T_pct,12.256861177724486,0.9264768798675046,11.191047162270182,12.86970423661071,3
scglue,nearest centroid,pred_CD8T_pct,0.7194244604316546,0.13845330196393907,0.6394884092725819,0.8792965627498002,3
scglue,nearest centroid,pred_NK_pct,8.499866773248069,0.2569584535303214,8.313349320543566,8.792965627498003,3
scglue,nearest centroid,pred_B_pct,13.269384492406076,0.4450650969488427,12.86970423661071,13.74900079936051,3
scglue,nearest centroid,pred_monocyte_pct,5.888622435385025,0.5441134520826574,5.275779376498801,6.314948041566747,3
scglue,nearest centroid,pred_DC_pct,18.545163868904876,0.13845330196393793,18.385291766586732,18.62509992006395,3
scglue,nearest centroid,pred_other_pct,40.820676791899814,0.32305770458252253,40.44764188649081,41.007194244604314,3
harmony,shared kNN,balanced_accuracy_pct,31.978792943184953,6.093571237977335,25.164121581911463,36.90329740503355,3
harmony,shared kNN,recall_CD4T_pct,54.00432900432901,14.70149564673123,37.98701298701299,66.88311688311688,3
harmony,shared kNN,recall_CD8T_pct,28.7292817679558,7.793776784345794,20.441988950276244,35.91160220994475,3
harmony,shared kNN,recall_NK_pct,12.222222222222223,1.3877773329774221,10.666666666666668,13.333333333333334,3
harmony,shared kNN,recall_B_pct,63.071895424836605,8.338137792269983,56.86274509803921,72.54901960784314,3
harmony,shared kNN,recall_monocyte_pct,33.845029239766085,20.862552609029475,20.614035087719298,57.89473684210527,3
harmony,shared kNN,recall_DC_pct,0.0,0.0,0.0,0.0,3
harmony,shared kNN,lymphoid_recall_pct,61.76338281601439,15.897145673783438,43.859649122807014,74.22402159244264,3
harmony,shared kNN,myeloid_recall_pct,94.77124183006536,0.7924415459465438,93.92156862745098,95.49019607843138,3
harmony,shared kNN,pred_CD4T_pct,17.879030109245935,4.458062549925579,13.189448441247004,22.062350119904075,3
harmony,shared kNN,pred_CD8T_pct,7.513988808952838,2.4624974901277956,5.275779376498801,10.151878497202238,3
harmony,shared kNN,pred_NK_pct,5.142552624567013,3.805437412312597,2.5579536370903275,9.512390087929656,3
harmony,shared kNN,pred_B_pct,7.220889954702905,0.9536653433612197,6.554756195043964,8.313349320543566,3
harmony,shared kNN,pred_monocyte_pct,20.223820943245403,6.771956557524539,13.189448441247004,26.698641087130298,3
harmony,shared kNN,pred_DC_pct,0.0,0.0,0.0,0.0,3
harmony,shared kNN,pred_other_pct,42.01971755928591,12.08339465571208,28.457234212629896,51.63868904876099,3
harmony,nearest centroid,balanced_accuracy_pct,30.433179967745037,5.6023265378697635,24.086324608981393,34.69018179231476,3
harmony,nearest centroid,recall_CD4T_pct,51.4069264069264,14.929181977049213,35.38961038961039,64.93506493506493,3
harmony,nearest centroid,recall_CD8T_pct,22.467771639042358,6.951965410009901,16.022099447513813,29.83425414364641,3
harmony,nearest centroid,recall_NK_pct,17.555555555555557,1.387777332977422,16.0,18.666666666666668,3
harmony,nearest centroid,recall_B_pct,56.535947712418306,7.487868782607579,50.0,64.70588235294117,3
harmony,nearest centroid,recall_monocyte_pct,32.16374269005848,18.517829191027943,20.394736842105264,53.50877192982456,3
harmony,nearest centroid,recall_DC_pct,2.4691358024691357,2.8287504289850864,0.0,5.555555555555555,3
harmony,nearest centroid,lymphoid_recall_pct,60.72874493927125,15.663243881775003,43.04993252361673,72.8744939271255,3
harmony,nearest centroid,myeloid_recall_pct,85.62091503267975,11.376492442296628,72.74509803921568,94.31372549019608,3
harmony,nearest centroid,pred_CD4T_pct,17.50599520383693,5.007979251055822,12.310151878497203,22.302158273381295,3
harmony,nearest centroid,pred_CD8T_pct,5.0359712230215825,2.041110365276371,3.277378097521982,7.274180655475619,3
harmony,nearest centroid,pred_NK_pct,5.995203836930455,3.1582328161692113,3.6770583533173458,9.59232613908873,3
harmony,nearest centroid,pred_B_pct,6.554756195043964,0.6829739204890108,5.915267785771383,7.274180655475619,3
harmony,nearest centroid,pred_monocyte_pct,17.212896349586995,6.832233631271636,13.109512390087929,25.09992006394884,3
harmony,nearest centroid,pred_DC_pct,11.35091926458833,8.127967491953449,1.9984012789768184,16.706634692246205,3
harmony,nearest centroid,pred_other_pct,36.34425792699174,7.241312119496675,31.654676258992804,44.68425259792166,3
seurat,Seurat native transfer,balanced_accuracy_pct,18.872132511926058,0.0,18.872132511926058,18.872132511926058,3
seurat,Seurat native transfer,recall_CD4T_pct,21.753246753246753,0.0,21.753246753246753,21.753246753246753,3
seurat,Seurat native transfer,recall_CD8T_pct,11.049723756906078,0.0,11.049723756906078,11.049723756906078,3
seurat,Seurat native transfer,recall_NK_pct,12.666666666666666,0.0,12.666666666666668,12.666666666666668,3
seurat,Seurat native transfer,recall_B_pct,33.33333333333333,0.0,33.33333333333333,33.33333333333333,3
seurat,Seurat native transfer,recall_monocyte_pct,34.42982456140351,0.0,34.42982456140351,34.42982456140351,3
seurat,Seurat native transfer,recall_DC_pct,0.0,0.0,0.0,0.0,3
seurat,Seurat native transfer,lymphoid_recall_pct,33.603238866396765,0.0,33.603238866396765,33.603238866396765,3
seurat,Seurat native transfer,myeloid_recall_pct,97.05882352941177,0.0,97.05882352941177,97.05882352941177,3
seurat,Seurat native transfer,pred_CD4T_pct,8.952837729816148,0.0,8.952837729816148,8.952837729816148,3
seurat,Seurat native transfer,pred_CD8T_pct,3.5171862509992007,0.0,3.5171862509992007,3.5171862509992007,3
seurat,Seurat native transfer,pred_NK_pct,1.7585931254996003,0.0,1.7585931254996003,1.7585931254996003,3
seurat,Seurat native transfer,pred_B_pct,6.155075939248602,0.0,6.155075939248602,6.155075939248602,3
seurat,Seurat native transfer,pred_monocyte_pct,23.90087929656275,0.0,23.90087929656275,23.90087929656275,3
seurat,Seurat native transfer,pred_DC_pct,0.0,0.0,0.0,0.0,3
seurat,Seurat native transfer,pred_other_pct,55.715427657873704,0.0,55.715427657873704,55.715427657873704,3
correlation,correlation to class mean,balanced_accuracy_pct,46.86225432953706,,46.86225432953706,46.86225432953706,1
correlation,correlation to class mean,recall_CD4T_pct,71.42857142857143,,71.42857142857143,71.42857142857143,1
correlation,correlation to class mean,recall_CD8T_pct,7.734806629834254,,7.734806629834254,7.734806629834254,1
correlation,correlation to class mean,recall_NK_pct,41.333333333333336,,41.333333333333336,41.333333333333336,1
correlation,correlation to class mean,recall_B_pct,71.56862745098039,,71.56862745098039,71.56862745098039,1
correlation,correlation to class mean,recall_monocyte_pct,50.21929824561403,,50.21929824561403,50.21929824561403,1
correlation,correlation to class mean,recall_DC_pct,38.88888888888889,,38.88888888888889,38.88888888888889,1
correlation,correlation to class mean,lymphoid_recall_pct,77.32793522267207,,77.32793522267207,77.32793522267207,1
correlation,correlation to class mean,myeloid_recall_pct,96.86274509803921,,96.86274509803921,96.86274509803921,1
correlation,correlation to class mean,pred_CD4T_pct,26.219024780175857,,26.219024780175857,26.219024780175857,1
correlation,correlation to class mean,pred_CD8T_pct,1.4388489208633095,,1.4388489208633095,1.4388489208633095,1
correlation,correlation to class mean,pred_NK_pct,7.434052757793765,,7.434052757793765,7.434052757793765,1
correlation,correlation to class mean,pred_B_pct,9.832134292565947,,9.832134292565947,9.832134292565947,1
correlation,correlation to class mean,pred_monocyte_pct,19.82414068745004,,19.82414068745004,19.82414068745004,1
correlation,correlation to class mean,pred_DC_pct,3.357314148681055,,3.357314148681055,3.357314148681055,1
correlation,correlation to class mean,pred_other_pct,31.894484412470025,,31.894484412470025,31.894484412470025,1
v3.1 (served),best guess (served),balanced_accuracy_pct,57.93590104394373,,57.93590104394373,57.93590104394373,1
v3.1 (served),best guess (served),recall_CD4T_pct,72.40259740259741,,72.40259740259741,72.40259740259741,1
v3.1 (served),best guess (served),recall_CD8T_pct,25.96685082872928,,25.96685082872928,25.96685082872928,1
v3.1 (served),best guess (served),recall_NK_pct,60.66666666666667,,60.66666666666667,60.66666666666667,1
v3.1 (served),best guess (served),recall_B_pct,97.05882352941177,,97.05882352941177,97.05882352941177,1
v3.1 (served),best guess (served),recall_monocyte_pct,85.96491228070175,,85.96491228070175,85.96491228070175,1
v3.1 (served),best guess (served),recall_DC_pct,5.555555555555555,,5.555555555555555,5.555555555555555,1
v3.1 (served),best guess (served),lymphoid_recall_pct,98.78542510121457,,98.78542510121457,98.78542510121457,1
v3.1 (served),best guess (served),myeloid_recall_pct,92.74509803921569,,92.74509803921569,92.74509803921569,1
v3.1 (served),best guess (served),pred_CD4T_pct,27.018385291766588,,27.018385291766588,27.018385291766588,1
v3.1 (served),best guess (served),pred_CD8T_pct,8.872901678657074,,8.872901678657074,8.872901678657074,1
v3.1 (served),best guess (served),pred_NK_pct,8.073541167066347,,8.073541167066347,8.073541167066347,1
v3.1 (served),best guess (served),pred_B_pct,15.987210231814547,,15.987210231814547,15.987210231814547,1
v3.1 (served),best guess (served),pred_monocyte_pct,33.81294964028777,,33.81294964028777,33.81294964028777,1
v3.1 (served),best guess (served),pred_DC_pct,3.8369304556354913,,3.8369304556354913,3.8369304556354913,1
v3.1 (served),best guess (served),pred_other_pct,2.3980815347721824,,2.3980815347721824,2.3980815347721824,1
