dataset,baseline,seed,baseline_rule,point_estimate_pct,ci_lo,ci_hi,favours
SCoPE2 unrestricted,maxfuse,0,shared kNN,0.6287283708177407,0.09124087591240873,1.2021274871243828,v3.1
SCoPE2 restricted,maxfuse,0,shared kNN,11.220543554781582,8.346386490792545,14.169447506391487,v3.1
SCoPE2 unrestricted,maxfuse,0,nearest centroid,-3.5044369928489387,-4.716915919448664,-2.3678454648190015,baseline
SCoPE2 restricted,maxfuse,0,nearest centroid,-0.19683945311053108,-3.8001361665863835,3.559644670050766,neither
SCoPE2 unrestricted,maxfuse,1,shared kNN,0.4462466189929231,-0.09124087591240881,1.0650172292415427,neither
SCoPE2 restricted,maxfuse,1,shared kNN,10.99244136500056,8.083408981436882,13.885767118085141,v3.1
SCoPE2 unrestricted,maxfuse,1,nearest centroid,-2.0744562599577603,-3.13372461928934,-1.0349992126421885,baseline
SCoPE2 restricted,maxfuse,1,nearest centroid,12.452990107080664,8.758307782800406,16.324011634369555,v3.1
SCoPE2 unrestricted,maxfuse,2,shared kNN,0.09124087591240881,-0.5731501722924154,0.7757963892697013,neither
SCoPE2 restricted,maxfuse,2,shared kNN,10.145568564970919,7.29800798473453,13.098536672347992,v3.1
SCoPE2 unrestricted,maxfuse,2,nearest centroid,-2.17565489643929,-3.210798843973471,-1.2118363036792767,baseline
SCoPE2 restricted,maxfuse,2,nearest centroid,1.6453462521768047,-1.9918242154211074,5.193539497573083,neither
SCoPE2 unrestricted,scglue,0,shared kNN,-16.41201044870132,-18.8235716402979,-14.066274685983176,baseline
SCoPE2 restricted,scglue,0,shared kNN,14.428563488828782,11.45413988106266,17.42879622253511,v3.1
SCoPE2 unrestricted,scglue,0,nearest centroid,-1.3718552002667752,-2.5855614787506025,-0.2809883193152774,baseline
SCoPE2 restricted,scglue,0,nearest centroid,11.540812923783772,7.842025917966589,15.352377357441918,v3.1
SCoPE2 unrestricted,scglue,1,shared kNN,-5.565693430656935,-6.741867056949127,-4.47080291970803,baseline
SCoPE2 restricted,scglue,1,shared kNN,14.97369298603135,11.32027747415613,18.84833288562006,v3.1
SCoPE2 unrestricted,scglue,1,nearest centroid,-0.37075289932935634,-1.2235193041609544,0.46616214013116447,neither
SCoPE2 restricted,scglue,1,nearest centroid,4.726694208751714,0.9045699173737457,8.512368464930157,v3.1
SCoPE2 unrestricted,scglue,2,shared kNN,-3.4771110452406537,-4.490718440846271,-2.5091240875912413,baseline
SCoPE2 restricted,scglue,2,shared kNN,40.204574085738635,36.664433889732855,43.86201322761125,v3.1
SCoPE2 unrestricted,scglue,2,nearest centroid,1.0849327503797845,0.6386861313868614,1.5867575678980326,v3.1
SCoPE2 restricted,scglue,2,nearest centroid,6.835423691133425,3.5358676219941523,10.245777214791195,v3.1
SCoPE2 unrestricted,harmony,0,shared kNN,-3.75083367297788,-4.6989051094890515,-2.802762236466709,baseline
SCoPE2 restricted,harmony,0,shared kNN,10.804170217496022,7.322091870762167,14.325975397384116,v3.1
SCoPE2 unrestricted,harmony,0,nearest centroid,-1.469811775167661,-2.235401459854015,-0.6942643299121862,baseline
SCoPE2 restricted,harmony,0,nearest centroid,7.095714920893692,3.563951980436475,10.496654887176252,v3.1
SCoPE2 unrestricted,harmony,1,shared kNN,-4.333941605839415,-5.33784018489014,-3.2946292934158365,baseline
SCoPE2 restricted,harmony,1,shared kNN,-2.7513524028307867,-6.089095325873502,0.6893143966060209,neither
SCoPE2 unrestricted,harmony,1,nearest centroid,-1.7435344029048874,-2.5547445255474455,-0.9323242802623293,baseline
SCoPE2 restricted,harmony,1,nearest centroid,-5.976972099744337,-8.823096909852168,-3.067899190410904,baseline
SCoPE2 unrestricted,harmony,2,shared kNN,-1.0948905109489049,-1.9320544944236542,-0.2933892048612411,baseline
SCoPE2 restricted,harmony,2,shared kNN,25.885314387342994,22.409025436288857,29.361643864166886,v3.1
SCoPE2 unrestricted,harmony,2,nearest centroid,0.17252399125569692,-0.45620437956204374,0.8012523620734372,neither
SCoPE2 restricted,harmony,2,nearest centroid,19.087174404386975,15.600782957871726,22.48088920486123,v3.1
SCoPE2 unrestricted,seurat,0,Seurat native transfer,-0.6030234539997776,-1.3229927007299267,0.12690355329949243,neither
SCoPE2 restricted,seurat,0,Seurat native transfer,11.101050427952131,8.360084200970757,13.923444505168765,v3.1
SCoPE2 unrestricted,seurat,1,Seurat native transfer,-0.6030234539997776,-1.3229927007299267,0.12690355329949243,neither
SCoPE2 restricted,seurat,1,Seurat native transfer,11.101050427952131,8.360084200970757,13.923444505168765,v3.1
SCoPE2 unrestricted,seurat,2,Seurat native transfer,-0.6030234539997776,-1.3229927007299267,0.12690355329949243,neither
SCoPE2 restricted,seurat,2,Seurat native transfer,11.101050427952131,8.360084200970757,13.923444505168765,v3.1
SCoPE2 unrestricted,correlation,0,correlation to class mean,-1.4955166919856238,-2.3724075086146206,-0.6486438919559819,baseline
SCoPE2 restricted,correlation,0,correlation to class mean,1.7108822112712696,-1.6584592333913732,4.968963049761017,neither
Fulcher 2026,maxfuse,0,shared kNN,56.87595952347589,54.5243855481036,59.08317167683396,v3.1
Fulcher 2026,maxfuse,0,nearest centroid,46.105786622905704,42.97470694520716,49.067958550370655,v3.1
Fulcher 2026,maxfuse,1,shared kNN,56.785297261761,54.395218362114456,59.033241945771884,v3.1
Fulcher 2026,maxfuse,1,nearest centroid,46.22336810016623,43.44225692342764,48.96964486216854,v3.1
Fulcher 2026,maxfuse,2,shared kNN,56.054270380981286,53.6698414428745,58.37685999437199,v3.1
Fulcher 2026,maxfuse,2,nearest centroid,48.300110908417295,45.41037409883097,51.04173227873972,v3.1
Fulcher 2026,harmony,0,shared kNN,21.03260363891018,17.666625955540027,24.38989640494204,v3.1
Fulcher 2026,harmony,0,nearest centroid,23.245719251628966,19.96817093309793,26.568746810532318,v3.1
Fulcher 2026,harmony,1,shared kNN,24.066941201333886,20.754496112891854,27.159300871427046,v3.1
Fulcher 2026,harmony,1,nearest centroid,25.412867542004765,21.987688811025674,28.7281778033551,v3.1
Fulcher 2026,harmony,2,shared kNN,32.77177946203226,29.361374032995037,35.84662460586716,v3.1
Fulcher 2026,harmony,2,nearest centroid,33.84957643496234,30.413314724800525,37.129070133496505,v3.1
Fulcher 2026,seurat,0,Seurat native transfer,56.12773278029507,53.67626485545163,58.4728118410828,v3.1
Fulcher 2026,seurat,1,Seurat native transfer,56.12773278029507,53.67626485545163,58.4728118410828,v3.1
Fulcher 2026,seurat,2,Seurat native transfer,56.12773278029507,53.67626485545163,58.4728118410828,v3.1
Fulcher 2026,correlation,0,correlation to class mean,11.07364671440667,7.301109314009819,14.661202798271159,v3.1
