tool,seed,rule,lymphoid_recall_pct,myeloid_recall_pct,pred_lymphoid_pct,pred_myeloid_pct,pred_erythroid_pct,pred_other_pct
maxfuse,0,shared kNN,0.8547008547008548,100.0,0.8438818565400843,85.23206751054853,13.924050632911392,0.0
maxfuse,0,nearest centroid,40.17094017094017,80.0,35.0210970464135,45.14767932489451,6.329113924050633,13.502109704641349
maxfuse,1,shared kNN,3.418803418803419,100.0,4.219409282700422,78.90295358649789,16.877637130801688,0.0
maxfuse,1,nearest centroid,34.18803418803419,100.0,28.691983122362867,52.742616033755276,12.658227848101266,5.9071729957805905
maxfuse,2,shared kNN,2.564102564102564,100.0,2.5316455696202533,83.12236286919831,14.345991561181433,0.0
maxfuse,2,nearest centroid,39.31623931623932,80.0,34.177215189873415,47.257383966244724,10.548523206751055,8.016877637130802
scglue,0,shared kNN,25.64102564102564,100.0,21.518987341772153,77.21518987341773,0.42194092827004215,0.8438818565400843
scglue,0,nearest centroid,28.205128205128204,80.0,20.253164556962027,49.36708860759494,19.40928270042194,10.970464135021098
scglue,1,shared kNN,22.22222222222222,100.0,18.565400843881857,81.43459915611815,0.0,0.0
scglue,1,nearest centroid,29.059829059829063,80.0,21.09704641350211,48.52320675105485,21.518987341772153,8.860759493670887
scglue,2,shared kNN,25.64102564102564,100.0,22.78481012658228,77.21518987341773,0.0,0.0
scglue,2,nearest centroid,32.47863247863248,80.0,22.362869198312236,45.14767932489451,24.894514767932492,7.594936708860759
harmony,0,shared kNN,38.46153846153847,100.0,29.11392405063291,27.848101265822784,42.616033755274266,0.42194092827004215
harmony,0,nearest centroid,36.75213675213676,100.0,27.004219409282697,29.535864978902953,43.037974683544306,0.42194092827004215
harmony,1,shared kNN,38.46153846153847,100.0,29.11392405063291,27.42616033755274,43.037974683544306,0.42194092827004215
harmony,1,nearest centroid,35.04273504273504,100.0,26.160337552742618,28.691983122362867,43.88185654008439,1.2658227848101264
harmony,2,shared kNN,39.31623931623932,100.0,29.957805907172997,27.848101265822784,41.77215189873418,0.42194092827004215
harmony,2,nearest centroid,32.47863247863248,100.0,24.894514767932492,31.223628691983123,43.459915611814345,0.42194092827004215
seurat,0,Seurat native transfer,21.367521367521366,100.0,19.831223628691983,71.30801687763713,8.860759493670885,0.0
seurat,1,Seurat native transfer,21.367521367521366,100.0,19.831223628691983,71.30801687763713,8.860759493670885,0.0
seurat,2,Seurat native transfer,21.367521367521366,100.0,19.831223628691983,71.30801687763713,8.860759493670885,0.0
correlation,0,correlation to class mean,59.82905982905983,100.0,45.9915611814346,35.44303797468354,13.924050632911392,4.641350210970463
v3.1 (served),0,best guess (served),92.3076923076923,80.0,78.90295358649789,16.033755274261605,0.8438818565400843,4.219409282700422
