tool,seed,rule,regime,accuracy_pct,balanced_accuracy_pct,n_candidate_classes,n_query_cells
maxfuse,0,shared kNN,unrestricted,0.6711409395973155,0.45620437956204374,22,1490
maxfuse,0,shared kNN,restricted,70.20134228187919,50.07618844714513,2,1490
maxfuse,0,nearest centroid,unrestricted,5.436241610738255,4.5893697432287235,22,1490
maxfuse,0,nearest centroid,restricted,58.65771812080537,61.49357145503724,2,1490
maxfuse,1,shared kNN,unrestricted,0.9395973154362416,0.6386861313868614,22,1490
maxfuse,1,shared kNN,restricted,70.53691275167785,50.304290636926154,2,1490
maxfuse,1,nearest centroid,unrestricted,3.691275167785235,3.1593890103375446,22,1490
maxfuse,1,nearest centroid,restricted,48.65771812080537,48.84374189484605,2,1490
maxfuse,2,shared kNN,unrestricted,1.342281879194631,0.9936918744673756,22,1490
maxfuse,2,shared kNN,restricted,71.54362416107382,51.15116343695579,2,1490
maxfuse,2,nearest centroid,unrestricted,3.9597315436241614,3.260587646819074,22,1490
maxfuse,2,nearest centroid,restricted,57.38255033557047,59.651385749749906,2,1490
scglue,0,shared kNN,unrestricted,9.59731543624161,17.496943199081105,22,1490
scglue,0,shared kNN,restricted,28.053691275167786,46.86816851309793,2,1490
scglue,0,nearest centroid,unrestricted,1.342281879194631,2.4567879506465595,22,1490
scglue,0,nearest centroid,restricted,43.42281879194631,49.75591907814294,2,1490
scglue,1,shared kNN,unrestricted,9.664429530201343,6.650626181036719,22,1490
scglue,1,shared kNN,restricted,45.90604026845638,46.32303901589536,2,1490
scglue,1,nearest centroid,unrestricted,1.5436241610738255,1.4556856497091408,22,1490
scglue,1,nearest centroid,restricted,55.83892617449664,56.570037793175,2,1490
scglue,2,shared kNN,unrestricted,6.7114093959731544,4.562043795620438,22,1490
scglue,2,shared kNN,restricted,24.093959731543624,21.092157916188075,2,1490
scglue,2,nearest centroid,unrestricted,0.0,0.0,22,1490
scglue,2,nearest centroid,restricted,46.04026845637584,54.461308310793285,2,1490
harmony,0,shared kNN,unrestricted,7.114093959731544,4.835766423357665,22,1490
harmony,0,shared kNN,restricted,46.77852348993289,50.49256178443069,2,1490
harmony,0,nearest centroid,unrestricted,3.7583892617449663,2.5547445255474455,22,1490
harmony,0,nearest centroid,restricted,50.20134228187919,54.20101708103302,2,1490
harmony,1,shared kNN,unrestricted,7.852348993288591,5.4188743562192,22,1490
harmony,1,shared kNN,restricted,55.83892617449664,64.0480844047575,2,1490
harmony,1,nearest centroid,unrestricted,4.1610738255033555,2.8284671532846715,22,1490
harmony,1,nearest centroid,restricted,56.04026845637584,67.27370410167104,2,1490
harmony,2,shared kNN,unrestricted,3.087248322147651,2.179823261328689,22,1490
harmony,2,shared kNN,restricted,28.65771812080537,35.41141761458372,2,1490
harmony,2,nearest centroid,unrestricted,1.342281879194631,0.9124087591240875,22,1490
harmony,2,nearest centroid,restricted,34.83221476510067,42.209557597539735,2,1490
seurat,0,Seurat native transfer,unrestricted,2.4832214765100673,1.687956204379562,22,1490
seurat,0,Seurat native transfer,restricted,71.81208053691275,50.19568157397458,2,1490
seurat,1,Seurat native transfer,unrestricted,2.4832214765100673,1.687956204379562,22,1490
seurat,1,Seurat native transfer,restricted,71.81208053691275,50.19568157397458,2,1490
seurat,2,Seurat native transfer,unrestricted,2.4832214765100673,1.687956204379562,22,1490
seurat,2,Seurat native transfer,restricted,71.81208053691275,50.19568157397458,2,1490
correlation,0,correlation to class mean,unrestricted,3.557046979865772,2.580449442365408,22,1490
correlation,0,correlation to class mean,restricted,57.04697986577181,59.585849790655445,2,1490
v3.1 (served),0,best guess (served),unrestricted,1.476510067114094,1.0849327503797845,22,1490
v3.1 (served),0,best guess (served),restricted,74.63087248322148,61.29673200192671,2,1490
