family,model,seed,rule,true,predicted,count
v3,v3_seed0,0,nearest_centroid,CD4T,CD4T,54
v3,v3_seed0,0,nearest_centroid,CD4T,CD8T,144
v3,v3_seed0,0,nearest_centroid,CD4T,NK,30
v3,v3_seed0,0,nearest_centroid,CD4T,B,8
v3,v3_seed0,0,nearest_centroid,CD4T,monocyte,3
v3,v3_seed0,0,nearest_centroid,CD4T,DC,3
v3,v3_seed0,0,nearest_centroid,CD4T,other,66
v3,v3_seed0,0,nearest_centroid,CD8T,CD4T,9
v3,v3_seed0,0,nearest_centroid,CD8T,CD8T,116
v3,v3_seed0,0,nearest_centroid,CD8T,NK,41
v3,v3_seed0,0,nearest_centroid,CD8T,B,0
v3,v3_seed0,0,nearest_centroid,CD8T,monocyte,5
v3,v3_seed0,0,nearest_centroid,CD8T,DC,1
v3,v3_seed0,0,nearest_centroid,CD8T,other,9
v3,v3_seed0,0,nearest_centroid,NK,CD4T,1
v3,v3_seed0,0,nearest_centroid,NK,CD8T,43
v3,v3_seed0,0,nearest_centroid,NK,NK,81
v3,v3_seed0,0,nearest_centroid,NK,B,0
v3,v3_seed0,0,nearest_centroid,NK,monocyte,3
v3,v3_seed0,0,nearest_centroid,NK,DC,1
v3,v3_seed0,0,nearest_centroid,NK,other,21
v3,v3_seed0,0,nearest_centroid,B,CD4T,2
v3,v3_seed0,0,nearest_centroid,B,CD8T,13
v3,v3_seed0,0,nearest_centroid,B,NK,4
v3,v3_seed0,0,nearest_centroid,B,B,32
v3,v3_seed0,0,nearest_centroid,B,monocyte,9
v3,v3_seed0,0,nearest_centroid,B,DC,4
v3,v3_seed0,0,nearest_centroid,B,other,38
v3,v3_seed0,0,nearest_centroid,monocyte,CD4T,0
v3,v3_seed0,0,nearest_centroid,monocyte,CD8T,0
v3,v3_seed0,0,nearest_centroid,monocyte,NK,0
v3,v3_seed0,0,nearest_centroid,monocyte,B,0
v3,v3_seed0,0,nearest_centroid,monocyte,monocyte,419
v3,v3_seed0,0,nearest_centroid,monocyte,DC,3
v3,v3_seed0,0,nearest_centroid,monocyte,other,34
v3,v3_seed0,0,nearest_centroid,DC,CD4T,0
v3,v3_seed0,0,nearest_centroid,DC,CD8T,2
v3,v3_seed0,0,nearest_centroid,DC,NK,0
v3,v3_seed0,0,nearest_centroid,DC,B,3
v3,v3_seed0,0,nearest_centroid,DC,monocyte,42
v3,v3_seed0,0,nearest_centroid,DC,DC,3
v3,v3_seed0,0,nearest_centroid,DC,other,4
v3,v3_seed0,0,shared_knn,CD4T,CD4T,41
v3,v3_seed0,0,shared_knn,CD4T,CD8T,161
v3,v3_seed0,0,shared_knn,CD4T,NK,28
v3,v3_seed0,0,shared_knn,CD4T,B,8
v3,v3_seed0,0,shared_knn,CD4T,monocyte,4
v3,v3_seed0,0,shared_knn,CD4T,DC,0
v3,v3_seed0,0,shared_knn,CD4T,other,66
v3,v3_seed0,0,shared_knn,CD8T,CD4T,10
v3,v3_seed0,0,shared_knn,CD8T,CD8T,118
v3,v3_seed0,0,shared_knn,CD8T,NK,38
v3,v3_seed0,0,shared_knn,CD8T,B,0
v3,v3_seed0,0,shared_knn,CD8T,monocyte,5
v3,v3_seed0,0,shared_knn,CD8T,DC,0
v3,v3_seed0,0,shared_knn,CD8T,other,10
v3,v3_seed0,0,shared_knn,NK,CD4T,1
v3,v3_seed0,0,shared_knn,NK,CD8T,49
v3,v3_seed0,0,shared_knn,NK,NK,77
v3,v3_seed0,0,shared_knn,NK,B,0
v3,v3_seed0,0,shared_knn,NK,monocyte,4
v3,v3_seed0,0,shared_knn,NK,DC,0
v3,v3_seed0,0,shared_knn,NK,other,19
v3,v3_seed0,0,shared_knn,B,CD4T,2
v3,v3_seed0,0,shared_knn,B,CD8T,12
v3,v3_seed0,0,shared_knn,B,NK,5
v3,v3_seed0,0,shared_knn,B,B,27
v3,v3_seed0,0,shared_knn,B,monocyte,11
v3,v3_seed0,0,shared_knn,B,DC,0
v3,v3_seed0,0,shared_knn,B,other,45
v3,v3_seed0,0,shared_knn,monocyte,CD4T,0
v3,v3_seed0,0,shared_knn,monocyte,CD8T,0
v3,v3_seed0,0,shared_knn,monocyte,NK,0
v3,v3_seed0,0,shared_knn,monocyte,B,0
v3,v3_seed0,0,shared_knn,monocyte,monocyte,423
v3,v3_seed0,0,shared_knn,monocyte,DC,0
v3,v3_seed0,0,shared_knn,monocyte,other,33
v3,v3_seed0,0,shared_knn,DC,CD4T,0
v3,v3_seed0,0,shared_knn,DC,CD8T,2
v3,v3_seed0,0,shared_knn,DC,NK,0
v3,v3_seed0,0,shared_knn,DC,B,3
v3,v3_seed0,0,shared_knn,DC,monocyte,43
v3,v3_seed0,0,shared_knn,DC,DC,1
v3,v3_seed0,0,shared_knn,DC,other,5
v3,v3_seed1,1,nearest_centroid,CD4T,CD4T,44
v3,v3_seed1,1,nearest_centroid,CD4T,CD8T,183
v3,v3_seed1,1,nearest_centroid,CD4T,NK,18
v3,v3_seed1,1,nearest_centroid,CD4T,B,6
v3,v3_seed1,1,nearest_centroid,CD4T,monocyte,1
v3,v3_seed1,1,nearest_centroid,CD4T,DC,1
v3,v3_seed1,1,nearest_centroid,CD4T,other,55
v3,v3_seed1,1,nearest_centroid,CD8T,CD4T,13
v3,v3_seed1,1,nearest_centroid,CD8T,CD8T,141
v3,v3_seed1,1,nearest_centroid,CD8T,NK,18
v3,v3_seed1,1,nearest_centroid,CD8T,B,0
v3,v3_seed1,1,nearest_centroid,CD8T,monocyte,5
v3,v3_seed1,1,nearest_centroid,CD8T,DC,0
v3,v3_seed1,1,nearest_centroid,CD8T,other,4
v3,v3_seed1,1,nearest_centroid,NK,CD4T,1
v3,v3_seed1,1,nearest_centroid,NK,CD8T,100
v3,v3_seed1,1,nearest_centroid,NK,NK,34
v3,v3_seed1,1,nearest_centroid,NK,B,0
v3,v3_seed1,1,nearest_centroid,NK,monocyte,1
v3,v3_seed1,1,nearest_centroid,NK,DC,0
v3,v3_seed1,1,nearest_centroid,NK,other,14
v3,v3_seed1,1,nearest_centroid,B,CD4T,0
v3,v3_seed1,1,nearest_centroid,B,CD8T,20
v3,v3_seed1,1,nearest_centroid,B,NK,4
v3,v3_seed1,1,nearest_centroid,B,B,27
v3,v3_seed1,1,nearest_centroid,B,monocyte,2
v3,v3_seed1,1,nearest_centroid,B,DC,0
v3,v3_seed1,1,nearest_centroid,B,other,49
v3,v3_seed1,1,nearest_centroid,monocyte,CD4T,0
v3,v3_seed1,1,nearest_centroid,monocyte,CD8T,0
v3,v3_seed1,1,nearest_centroid,monocyte,NK,0
v3,v3_seed1,1,nearest_centroid,monocyte,B,0
v3,v3_seed1,1,nearest_centroid,monocyte,monocyte,440
v3,v3_seed1,1,nearest_centroid,monocyte,DC,0
v3,v3_seed1,1,nearest_centroid,monocyte,other,16
v3,v3_seed1,1,nearest_centroid,DC,CD4T,0
v3,v3_seed1,1,nearest_centroid,DC,CD8T,1
v3,v3_seed1,1,nearest_centroid,DC,NK,0
v3,v3_seed1,1,nearest_centroid,DC,B,3
v3,v3_seed1,1,nearest_centroid,DC,monocyte,42
v3,v3_seed1,1,nearest_centroid,DC,DC,1
v3,v3_seed1,1,nearest_centroid,DC,other,7
v3,v3_seed1,1,shared_knn,CD4T,CD4T,37
v3,v3_seed1,1,shared_knn,CD4T,CD8T,185
v3,v3_seed1,1,shared_knn,CD4T,NK,22
v3,v3_seed1,1,shared_knn,CD4T,B,6
v3,v3_seed1,1,shared_knn,CD4T,monocyte,4
v3,v3_seed1,1,shared_knn,CD4T,DC,0
v3,v3_seed1,1,shared_knn,CD4T,other,54
v3,v3_seed1,1,shared_knn,CD8T,CD4T,10
v3,v3_seed1,1,shared_knn,CD8T,CD8T,138
v3,v3_seed1,1,shared_knn,CD8T,NK,24
v3,v3_seed1,1,shared_knn,CD8T,B,0
v3,v3_seed1,1,shared_knn,CD8T,monocyte,5
v3,v3_seed1,1,shared_knn,CD8T,DC,0
v3,v3_seed1,1,shared_knn,CD8T,other,4
v3,v3_seed1,1,shared_knn,NK,CD4T,1
v3,v3_seed1,1,shared_knn,NK,CD8T,93
v3,v3_seed1,1,shared_knn,NK,NK,41
v3,v3_seed1,1,shared_knn,NK,B,0
v3,v3_seed1,1,shared_knn,NK,monocyte,3
v3,v3_seed1,1,shared_knn,NK,DC,0
v3,v3_seed1,1,shared_knn,NK,other,12
v3,v3_seed1,1,shared_knn,B,CD4T,0
v3,v3_seed1,1,shared_knn,B,CD8T,20
v3,v3_seed1,1,shared_knn,B,NK,4
v3,v3_seed1,1,shared_knn,B,B,27
v3,v3_seed1,1,shared_knn,B,monocyte,3
v3,v3_seed1,1,shared_knn,B,DC,0
v3,v3_seed1,1,shared_knn,B,other,48
v3,v3_seed1,1,shared_knn,monocyte,CD4T,0
v3,v3_seed1,1,shared_knn,monocyte,CD8T,0
v3,v3_seed1,1,shared_knn,monocyte,NK,0
v3,v3_seed1,1,shared_knn,monocyte,B,0
v3,v3_seed1,1,shared_knn,monocyte,monocyte,443
v3,v3_seed1,1,shared_knn,monocyte,DC,0
v3,v3_seed1,1,shared_knn,monocyte,other,13
v3,v3_seed1,1,shared_knn,DC,CD4T,0
v3,v3_seed1,1,shared_knn,DC,CD8T,1
v3,v3_seed1,1,shared_knn,DC,NK,0
v3,v3_seed1,1,shared_knn,DC,B,3
v3,v3_seed1,1,shared_knn,DC,monocyte,42
v3,v3_seed1,1,shared_knn,DC,DC,0
v3,v3_seed1,1,shared_knn,DC,other,8
v3,v3_seed2,2,nearest_centroid,CD4T,CD4T,151
v3,v3_seed2,2,nearest_centroid,CD4T,CD8T,87
v3,v3_seed2,2,nearest_centroid,CD4T,NK,9
v3,v3_seed2,2,nearest_centroid,CD4T,B,1
v3,v3_seed2,2,nearest_centroid,CD4T,monocyte,6
v3,v3_seed2,2,nearest_centroid,CD4T,DC,0
v3,v3_seed2,2,nearest_centroid,CD4T,other,54
v3,v3_seed2,2,nearest_centroid,CD8T,CD4T,39
v3,v3_seed2,2,nearest_centroid,CD8T,CD8T,101
v3,v3_seed2,2,nearest_centroid,CD8T,NK,18
v3,v3_seed2,2,nearest_centroid,CD8T,B,0
v3,v3_seed2,2,nearest_centroid,CD8T,monocyte,9
v3,v3_seed2,2,nearest_centroid,CD8T,DC,0
v3,v3_seed2,2,nearest_centroid,CD8T,other,14
v3,v3_seed2,2,nearest_centroid,NK,CD4T,0
v3,v3_seed2,2,nearest_centroid,NK,CD8T,73
v3,v3_seed2,2,nearest_centroid,NK,NK,32
v3,v3_seed2,2,nearest_centroid,NK,B,0
v3,v3_seed2,2,nearest_centroid,NK,monocyte,2
v3,v3_seed2,2,nearest_centroid,NK,DC,0
v3,v3_seed2,2,nearest_centroid,NK,other,43
v3,v3_seed2,2,nearest_centroid,B,CD4T,5
v3,v3_seed2,2,nearest_centroid,B,CD8T,10
v3,v3_seed2,2,nearest_centroid,B,NK,1
v3,v3_seed2,2,nearest_centroid,B,B,29
v3,v3_seed2,2,nearest_centroid,B,monocyte,9
v3,v3_seed2,2,nearest_centroid,B,DC,0
v3,v3_seed2,2,nearest_centroid,B,other,48
v3,v3_seed2,2,nearest_centroid,monocyte,CD4T,0
v3,v3_seed2,2,nearest_centroid,monocyte,CD8T,1
v3,v3_seed2,2,nearest_centroid,monocyte,NK,0
v3,v3_seed2,2,nearest_centroid,monocyte,B,0
v3,v3_seed2,2,nearest_centroid,monocyte,monocyte,387
v3,v3_seed2,2,nearest_centroid,monocyte,DC,0
v3,v3_seed2,2,nearest_centroid,monocyte,other,68
v3,v3_seed2,2,nearest_centroid,DC,CD4T,0
v3,v3_seed2,2,nearest_centroid,DC,CD8T,1
v3,v3_seed2,2,nearest_centroid,DC,NK,0
v3,v3_seed2,2,nearest_centroid,DC,B,2
v3,v3_seed2,2,nearest_centroid,DC,monocyte,45
v3,v3_seed2,2,nearest_centroid,DC,DC,0
v3,v3_seed2,2,nearest_centroid,DC,other,6
v3,v3_seed2,2,shared_knn,CD4T,CD4T,146
v3,v3_seed2,2,shared_knn,CD4T,CD8T,88
v3,v3_seed2,2,shared_knn,CD4T,NK,18
v3,v3_seed2,2,shared_knn,CD4T,B,1
v3,v3_seed2,2,shared_knn,CD4T,monocyte,6
v3,v3_seed2,2,shared_knn,CD4T,DC,0
v3,v3_seed2,2,shared_knn,CD4T,other,49
v3,v3_seed2,2,shared_knn,CD8T,CD4T,34
v3,v3_seed2,2,shared_knn,CD8T,CD8T,106
v3,v3_seed2,2,shared_knn,CD8T,NK,21
v3,v3_seed2,2,shared_knn,CD8T,B,0
v3,v3_seed2,2,shared_knn,CD8T,monocyte,8
v3,v3_seed2,2,shared_knn,CD8T,DC,0
v3,v3_seed2,2,shared_knn,CD8T,other,12
v3,v3_seed2,2,shared_knn,NK,CD4T,1
v3,v3_seed2,2,shared_knn,NK,CD8T,72
v3,v3_seed2,2,shared_knn,NK,NK,34
v3,v3_seed2,2,shared_knn,NK,B,0
v3,v3_seed2,2,shared_knn,NK,monocyte,3
v3,v3_seed2,2,shared_knn,NK,DC,0
v3,v3_seed2,2,shared_knn,NK,other,40
v3,v3_seed2,2,shared_knn,B,CD4T,4
v3,v3_seed2,2,shared_knn,B,CD8T,10
v3,v3_seed2,2,shared_knn,B,NK,3
v3,v3_seed2,2,shared_knn,B,B,24
v3,v3_seed2,2,shared_knn,B,monocyte,9
v3,v3_seed2,2,shared_knn,B,DC,0
v3,v3_seed2,2,shared_knn,B,other,52
v3,v3_seed2,2,shared_knn,monocyte,CD4T,0
v3,v3_seed2,2,shared_knn,monocyte,CD8T,2
v3,v3_seed2,2,shared_knn,monocyte,NK,0
v3,v3_seed2,2,shared_knn,monocyte,B,0
v3,v3_seed2,2,shared_knn,monocyte,monocyte,386
v3,v3_seed2,2,shared_knn,monocyte,DC,0
v3,v3_seed2,2,shared_knn,monocyte,other,68
v3,v3_seed2,2,shared_knn,DC,CD4T,0
v3,v3_seed2,2,shared_knn,DC,CD8T,1
v3,v3_seed2,2,shared_knn,DC,NK,0
v3,v3_seed2,2,shared_knn,DC,B,2
v3,v3_seed2,2,shared_knn,DC,monocyte,45
v3,v3_seed2,2,shared_knn,DC,DC,0
v3,v3_seed2,2,shared_knn,DC,other,6
v3,v3_seed3,3,nearest_centroid,CD4T,CD4T,40
v3,v3_seed3,3,nearest_centroid,CD4T,CD8T,138
v3,v3_seed3,3,nearest_centroid,CD4T,NK,34
v3,v3_seed3,3,nearest_centroid,CD4T,B,23
v3,v3_seed3,3,nearest_centroid,CD4T,monocyte,3
v3,v3_seed3,3,nearest_centroid,CD4T,DC,0
v3,v3_seed3,3,nearest_centroid,CD4T,other,70
v3,v3_seed3,3,nearest_centroid,CD8T,CD4T,10
v3,v3_seed3,3,nearest_centroid,CD8T,CD8T,116
v3,v3_seed3,3,nearest_centroid,CD8T,NK,38
v3,v3_seed3,3,nearest_centroid,CD8T,B,1
v3,v3_seed3,3,nearest_centroid,CD8T,monocyte,6
v3,v3_seed3,3,nearest_centroid,CD8T,DC,0
v3,v3_seed3,3,nearest_centroid,CD8T,other,10
v3,v3_seed3,3,nearest_centroid,NK,CD4T,0
v3,v3_seed3,3,nearest_centroid,NK,CD8T,71
v3,v3_seed3,3,nearest_centroid,NK,NK,62
v3,v3_seed3,3,nearest_centroid,NK,B,1
v3,v3_seed3,3,nearest_centroid,NK,monocyte,0
v3,v3_seed3,3,nearest_centroid,NK,DC,0
v3,v3_seed3,3,nearest_centroid,NK,other,16
v3,v3_seed3,3,nearest_centroid,B,CD4T,1
v3,v3_seed3,3,nearest_centroid,B,CD8T,11
v3,v3_seed3,3,nearest_centroid,B,NK,6
v3,v3_seed3,3,nearest_centroid,B,B,45
v3,v3_seed3,3,nearest_centroid,B,monocyte,4
v3,v3_seed3,3,nearest_centroid,B,DC,0
v3,v3_seed3,3,nearest_centroid,B,other,35
v3,v3_seed3,3,nearest_centroid,monocyte,CD4T,0
v3,v3_seed3,3,nearest_centroid,monocyte,CD8T,3
v3,v3_seed3,3,nearest_centroid,monocyte,NK,0
v3,v3_seed3,3,nearest_centroid,monocyte,B,0
v3,v3_seed3,3,nearest_centroid,monocyte,monocyte,299
v3,v3_seed3,3,nearest_centroid,monocyte,DC,118
v3,v3_seed3,3,nearest_centroid,monocyte,other,36
v3,v3_seed3,3,nearest_centroid,DC,CD4T,0
v3,v3_seed3,3,nearest_centroid,DC,CD8T,0
v3,v3_seed3,3,nearest_centroid,DC,NK,0
v3,v3_seed3,3,nearest_centroid,DC,B,3
v3,v3_seed3,3,nearest_centroid,DC,monocyte,40
v3,v3_seed3,3,nearest_centroid,DC,DC,7
v3,v3_seed3,3,nearest_centroid,DC,other,4
v3,v3_seed3,3,shared_knn,CD4T,CD4T,54
v3,v3_seed3,3,shared_knn,CD4T,CD8T,129
v3,v3_seed3,3,shared_knn,CD4T,NK,33
v3,v3_seed3,3,shared_knn,CD4T,B,18
v3,v3_seed3,3,shared_knn,CD4T,monocyte,3
v3,v3_seed3,3,shared_knn,CD4T,DC,0
v3,v3_seed3,3,shared_knn,CD4T,other,71
v3,v3_seed3,3,shared_knn,CD8T,CD4T,11
v3,v3_seed3,3,shared_knn,CD8T,CD8T,107
v3,v3_seed3,3,shared_knn,CD8T,NK,46
v3,v3_seed3,3,shared_knn,CD8T,B,1
v3,v3_seed3,3,shared_knn,CD8T,monocyte,6
v3,v3_seed3,3,shared_knn,CD8T,DC,0
v3,v3_seed3,3,shared_knn,CD8T,other,10
v3,v3_seed3,3,shared_knn,NK,CD4T,0
v3,v3_seed3,3,shared_knn,NK,CD8T,75
v3,v3_seed3,3,shared_knn,NK,NK,61
v3,v3_seed3,3,shared_knn,NK,B,0
v3,v3_seed3,3,shared_knn,NK,monocyte,1
v3,v3_seed3,3,shared_knn,NK,DC,0
v3,v3_seed3,3,shared_knn,NK,other,13
v3,v3_seed3,3,shared_knn,B,CD4T,1
v3,v3_seed3,3,shared_knn,B,CD8T,11
v3,v3_seed3,3,shared_knn,B,NK,7
v3,v3_seed3,3,shared_knn,B,B,43
v3,v3_seed3,3,shared_knn,B,monocyte,4
v3,v3_seed3,3,shared_knn,B,DC,0
v3,v3_seed3,3,shared_knn,B,other,36
v3,v3_seed3,3,shared_knn,monocyte,CD4T,0
v3,v3_seed3,3,shared_knn,monocyte,CD8T,4
v3,v3_seed3,3,shared_knn,monocyte,NK,0
v3,v3_seed3,3,shared_knn,monocyte,B,0
v3,v3_seed3,3,shared_knn,monocyte,monocyte,429
v3,v3_seed3,3,shared_knn,monocyte,DC,0
v3,v3_seed3,3,shared_knn,monocyte,other,23
v3,v3_seed3,3,shared_knn,DC,CD4T,0
v3,v3_seed3,3,shared_knn,DC,CD8T,0
v3,v3_seed3,3,shared_knn,DC,NK,1
v3,v3_seed3,3,shared_knn,DC,B,3
v3,v3_seed3,3,shared_knn,DC,monocyte,45
v3,v3_seed3,3,shared_knn,DC,DC,0
v3,v3_seed3,3,shared_knn,DC,other,5
v3,v3_seed4,4,nearest_centroid,CD4T,CD4T,74
v3,v3_seed4,4,nearest_centroid,CD4T,CD8T,73
v3,v3_seed4,4,nearest_centroid,CD4T,NK,20
v3,v3_seed4,4,nearest_centroid,CD4T,B,27
v3,v3_seed4,4,nearest_centroid,CD4T,monocyte,5
v3,v3_seed4,4,nearest_centroid,CD4T,DC,0
v3,v3_seed4,4,nearest_centroid,CD4T,other,109
v3,v3_seed4,4,nearest_centroid,CD8T,CD4T,17
v3,v3_seed4,4,nearest_centroid,CD8T,CD8T,106
v3,v3_seed4,4,nearest_centroid,CD8T,NK,24
v3,v3_seed4,4,nearest_centroid,CD8T,B,4
v3,v3_seed4,4,nearest_centroid,CD8T,monocyte,4
v3,v3_seed4,4,nearest_centroid,CD8T,DC,2
v3,v3_seed4,4,nearest_centroid,CD8T,other,24
v3,v3_seed4,4,nearest_centroid,NK,CD4T,1
v3,v3_seed4,4,nearest_centroid,NK,CD8T,34
v3,v3_seed4,4,nearest_centroid,NK,NK,86
v3,v3_seed4,4,nearest_centroid,NK,B,0
v3,v3_seed4,4,nearest_centroid,NK,monocyte,2
v3,v3_seed4,4,nearest_centroid,NK,DC,0
v3,v3_seed4,4,nearest_centroid,NK,other,27
v3,v3_seed4,4,nearest_centroid,B,CD4T,1
v3,v3_seed4,4,nearest_centroid,B,CD8T,5
v3,v3_seed4,4,nearest_centroid,B,NK,3
v3,v3_seed4,4,nearest_centroid,B,B,54
v3,v3_seed4,4,nearest_centroid,B,monocyte,5
v3,v3_seed4,4,nearest_centroid,B,DC,0
v3,v3_seed4,4,nearest_centroid,B,other,34
v3,v3_seed4,4,nearest_centroid,monocyte,CD4T,0
v3,v3_seed4,4,nearest_centroid,monocyte,CD8T,3
v3,v3_seed4,4,nearest_centroid,monocyte,NK,0
v3,v3_seed4,4,nearest_centroid,monocyte,B,0
v3,v3_seed4,4,nearest_centroid,monocyte,monocyte,372
v3,v3_seed4,4,nearest_centroid,monocyte,DC,58
v3,v3_seed4,4,nearest_centroid,monocyte,other,23
v3,v3_seed4,4,nearest_centroid,DC,CD4T,0
v3,v3_seed4,4,nearest_centroid,DC,CD8T,1
v3,v3_seed4,4,nearest_centroid,DC,NK,0
v3,v3_seed4,4,nearest_centroid,DC,B,4
v3,v3_seed4,4,nearest_centroid,DC,monocyte,36
v3,v3_seed4,4,nearest_centroid,DC,DC,6
v3,v3_seed4,4,nearest_centroid,DC,other,7
v3,v3_seed4,4,shared_knn,CD4T,CD4T,71
v3,v3_seed4,4,shared_knn,CD4T,CD8T,82
v3,v3_seed4,4,shared_knn,CD4T,NK,11
v3,v3_seed4,4,shared_knn,CD4T,B,30
v3,v3_seed4,4,shared_knn,CD4T,monocyte,7
v3,v3_seed4,4,shared_knn,CD4T,DC,0
v3,v3_seed4,4,shared_knn,CD4T,other,107
v3,v3_seed4,4,shared_knn,CD8T,CD4T,22
v3,v3_seed4,4,shared_knn,CD8T,CD8T,104
v3,v3_seed4,4,shared_knn,CD8T,NK,20
v3,v3_seed4,4,shared_knn,CD8T,B,4
v3,v3_seed4,4,shared_knn,CD8T,monocyte,10
v3,v3_seed4,4,shared_knn,CD8T,DC,0
v3,v3_seed4,4,shared_knn,CD8T,other,21
v3,v3_seed4,4,shared_knn,NK,CD4T,1
v3,v3_seed4,4,shared_knn,NK,CD8T,46
v3,v3_seed4,4,shared_knn,NK,NK,74
v3,v3_seed4,4,shared_knn,NK,B,0
v3,v3_seed4,4,shared_knn,NK,monocyte,2
v3,v3_seed4,4,shared_knn,NK,DC,0
v3,v3_seed4,4,shared_knn,NK,other,27
v3,v3_seed4,4,shared_knn,B,CD4T,1
v3,v3_seed4,4,shared_knn,B,CD8T,5
v3,v3_seed4,4,shared_knn,B,NK,3
v3,v3_seed4,4,shared_knn,B,B,57
v3,v3_seed4,4,shared_knn,B,monocyte,6
v3,v3_seed4,4,shared_knn,B,DC,0
v3,v3_seed4,4,shared_knn,B,other,30
v3,v3_seed4,4,shared_knn,monocyte,CD4T,0
v3,v3_seed4,4,shared_knn,monocyte,CD8T,3
v3,v3_seed4,4,shared_knn,monocyte,NK,0
v3,v3_seed4,4,shared_knn,monocyte,B,0
v3,v3_seed4,4,shared_knn,monocyte,monocyte,434
v3,v3_seed4,4,shared_knn,monocyte,DC,0
v3,v3_seed4,4,shared_knn,monocyte,other,19
v3,v3_seed4,4,shared_knn,DC,CD4T,0
v3,v3_seed4,4,shared_knn,DC,CD8T,1
v3,v3_seed4,4,shared_knn,DC,NK,0
v3,v3_seed4,4,shared_knn,DC,B,4
v3,v3_seed4,4,shared_knn,DC,monocyte,43
v3,v3_seed4,4,shared_knn,DC,DC,0
v3,v3_seed4,4,shared_knn,DC,other,6
V2,V2_seed0,0,nearest_centroid,CD4T,CD4T,235
V2,V2_seed0,0,nearest_centroid,CD4T,CD8T,10
V2,V2_seed0,0,nearest_centroid,CD4T,NK,2
V2,V2_seed0,0,nearest_centroid,CD4T,B,49
V2,V2_seed0,0,nearest_centroid,CD4T,monocyte,2
V2,V2_seed0,0,nearest_centroid,CD4T,DC,0
V2,V2_seed0,0,nearest_centroid,CD4T,other,10
V2,V2_seed0,0,nearest_centroid,CD8T,CD4T,127
V2,V2_seed0,0,nearest_centroid,CD8T,CD8T,37
V2,V2_seed0,0,nearest_centroid,CD8T,NK,7
V2,V2_seed0,0,nearest_centroid,CD8T,B,6
V2,V2_seed0,0,nearest_centroid,CD8T,monocyte,3
V2,V2_seed0,0,nearest_centroid,CD8T,DC,0
V2,V2_seed0,0,nearest_centroid,CD8T,other,1
V2,V2_seed0,0,nearest_centroid,NK,CD4T,1
V2,V2_seed0,0,nearest_centroid,NK,CD8T,35
V2,V2_seed0,0,nearest_centroid,NK,NK,97
V2,V2_seed0,0,nearest_centroid,NK,B,4
V2,V2_seed0,0,nearest_centroid,NK,monocyte,1
V2,V2_seed0,0,nearest_centroid,NK,DC,0
V2,V2_seed0,0,nearest_centroid,NK,other,12
V2,V2_seed0,0,nearest_centroid,B,CD4T,1
V2,V2_seed0,0,nearest_centroid,B,CD8T,0
V2,V2_seed0,0,nearest_centroid,B,NK,0
V2,V2_seed0,0,nearest_centroid,B,B,99
V2,V2_seed0,0,nearest_centroid,B,monocyte,0
V2,V2_seed0,0,nearest_centroid,B,DC,0
V2,V2_seed0,0,nearest_centroid,B,other,2
V2,V2_seed0,0,nearest_centroid,monocyte,CD4T,0
V2,V2_seed0,0,nearest_centroid,monocyte,CD8T,0
V2,V2_seed0,0,nearest_centroid,monocyte,NK,0
V2,V2_seed0,0,nearest_centroid,monocyte,B,5
V2,V2_seed0,0,nearest_centroid,monocyte,monocyte,353
V2,V2_seed0,0,nearest_centroid,monocyte,DC,80
V2,V2_seed0,0,nearest_centroid,monocyte,other,18
V2,V2_seed0,0,nearest_centroid,DC,CD4T,0
V2,V2_seed0,0,nearest_centroid,DC,CD8T,0
V2,V2_seed0,0,nearest_centroid,DC,NK,0
V2,V2_seed0,0,nearest_centroid,DC,B,10
V2,V2_seed0,0,nearest_centroid,DC,monocyte,22
V2,V2_seed0,0,nearest_centroid,DC,DC,8
V2,V2_seed0,0,nearest_centroid,DC,other,14
V2,V2_seed0,0,shared_knn,CD4T,CD4T,221
V2,V2_seed0,0,shared_knn,CD4T,CD8T,28
V2,V2_seed0,0,shared_knn,CD4T,NK,2
V2,V2_seed0,0,shared_knn,CD4T,B,50
V2,V2_seed0,0,shared_knn,CD4T,monocyte,0
V2,V2_seed0,0,shared_knn,CD4T,DC,0
V2,V2_seed0,0,shared_knn,CD4T,other,7
V2,V2_seed0,0,shared_knn,CD8T,CD4T,119
V2,V2_seed0,0,shared_knn,CD8T,CD8T,42
V2,V2_seed0,0,shared_knn,CD8T,NK,8
V2,V2_seed0,0,shared_knn,CD8T,B,6
V2,V2_seed0,0,shared_knn,CD8T,monocyte,3
V2,V2_seed0,0,shared_knn,CD8T,DC,0
V2,V2_seed0,0,shared_knn,CD8T,other,3
V2,V2_seed0,0,shared_knn,NK,CD4T,5
V2,V2_seed0,0,shared_knn,NK,CD8T,45
V2,V2_seed0,0,shared_knn,NK,NK,90
V2,V2_seed0,0,shared_knn,NK,B,3
V2,V2_seed0,0,shared_knn,NK,monocyte,1
V2,V2_seed0,0,shared_knn,NK,DC,0
V2,V2_seed0,0,shared_knn,NK,other,6
V2,V2_seed0,0,shared_knn,B,CD4T,1
V2,V2_seed0,0,shared_knn,B,CD8T,0
V2,V2_seed0,0,shared_knn,B,NK,0
V2,V2_seed0,0,shared_knn,B,B,91
V2,V2_seed0,0,shared_knn,B,monocyte,0
V2,V2_seed0,0,shared_knn,B,DC,0
V2,V2_seed0,0,shared_knn,B,other,10
V2,V2_seed0,0,shared_knn,monocyte,CD4T,0
V2,V2_seed0,0,shared_knn,monocyte,CD8T,0
V2,V2_seed0,0,shared_knn,monocyte,NK,0
V2,V2_seed0,0,shared_knn,monocyte,B,2
V2,V2_seed0,0,shared_knn,monocyte,monocyte,435
V2,V2_seed0,0,shared_knn,monocyte,DC,0
V2,V2_seed0,0,shared_knn,monocyte,other,19
V2,V2_seed0,0,shared_knn,DC,CD4T,0
V2,V2_seed0,0,shared_knn,DC,CD8T,1
V2,V2_seed0,0,shared_knn,DC,NK,0
V2,V2_seed0,0,shared_knn,DC,B,10
V2,V2_seed0,0,shared_knn,DC,monocyte,34
V2,V2_seed0,0,shared_knn,DC,DC,0
V2,V2_seed0,0,shared_knn,DC,other,9
V2,V2_seed1,1,nearest_centroid,CD4T,CD4T,226
V2,V2_seed1,1,nearest_centroid,CD4T,CD8T,11
V2,V2_seed1,1,nearest_centroid,CD4T,NK,2
V2,V2_seed1,1,nearest_centroid,CD4T,B,57
V2,V2_seed1,1,nearest_centroid,CD4T,monocyte,0
V2,V2_seed1,1,nearest_centroid,CD4T,DC,0
V2,V2_seed1,1,nearest_centroid,CD4T,other,12
V2,V2_seed1,1,nearest_centroid,CD8T,CD4T,112
V2,V2_seed1,1,nearest_centroid,CD8T,CD8T,43
V2,V2_seed1,1,nearest_centroid,CD8T,NK,5
V2,V2_seed1,1,nearest_centroid,CD8T,B,12
V2,V2_seed1,1,nearest_centroid,CD8T,monocyte,1
V2,V2_seed1,1,nearest_centroid,CD8T,DC,0
V2,V2_seed1,1,nearest_centroid,CD8T,other,8
V2,V2_seed1,1,nearest_centroid,NK,CD4T,0
V2,V2_seed1,1,nearest_centroid,NK,CD8T,63
V2,V2_seed1,1,nearest_centroid,NK,NK,73
V2,V2_seed1,1,nearest_centroid,NK,B,2
V2,V2_seed1,1,nearest_centroid,NK,monocyte,0
V2,V2_seed1,1,nearest_centroid,NK,DC,0
V2,V2_seed1,1,nearest_centroid,NK,other,12
V2,V2_seed1,1,nearest_centroid,B,CD4T,1
V2,V2_seed1,1,nearest_centroid,B,CD8T,0
V2,V2_seed1,1,nearest_centroid,B,NK,0
V2,V2_seed1,1,nearest_centroid,B,B,96
V2,V2_seed1,1,nearest_centroid,B,monocyte,3
V2,V2_seed1,1,nearest_centroid,B,DC,0
V2,V2_seed1,1,nearest_centroid,B,other,2
V2,V2_seed1,1,nearest_centroid,monocyte,CD4T,0
V2,V2_seed1,1,nearest_centroid,monocyte,CD8T,1
V2,V2_seed1,1,nearest_centroid,monocyte,NK,0
V2,V2_seed1,1,nearest_centroid,monocyte,B,31
V2,V2_seed1,1,nearest_centroid,monocyte,monocyte,397
V2,V2_seed1,1,nearest_centroid,monocyte,DC,26
V2,V2_seed1,1,nearest_centroid,monocyte,other,1
V2,V2_seed1,1,nearest_centroid,DC,CD4T,0
V2,V2_seed1,1,nearest_centroid,DC,CD8T,1
V2,V2_seed1,1,nearest_centroid,DC,NK,0
V2,V2_seed1,1,nearest_centroid,DC,B,24
V2,V2_seed1,1,nearest_centroid,DC,monocyte,24
V2,V2_seed1,1,nearest_centroid,DC,DC,2
V2,V2_seed1,1,nearest_centroid,DC,other,3
V2,V2_seed1,1,shared_knn,CD4T,CD4T,171
V2,V2_seed1,1,shared_knn,CD4T,CD8T,75
V2,V2_seed1,1,shared_knn,CD4T,NK,1
V2,V2_seed1,1,shared_knn,CD4T,B,53
V2,V2_seed1,1,shared_knn,CD4T,monocyte,2
V2,V2_seed1,1,shared_knn,CD4T,DC,0
V2,V2_seed1,1,shared_knn,CD4T,other,6
V2,V2_seed1,1,shared_knn,CD8T,CD4T,73
V2,V2_seed1,1,shared_knn,CD8T,CD8T,88
V2,V2_seed1,1,shared_knn,CD8T,NK,5
V2,V2_seed1,1,shared_knn,CD8T,B,10
V2,V2_seed1,1,shared_knn,CD8T,monocyte,1
V2,V2_seed1,1,shared_knn,CD8T,DC,0
V2,V2_seed1,1,shared_knn,CD8T,other,4
V2,V2_seed1,1,shared_knn,NK,CD4T,1
V2,V2_seed1,1,shared_knn,NK,CD8T,91
V2,V2_seed1,1,shared_knn,NK,NK,51
V2,V2_seed1,1,shared_knn,NK,B,2
V2,V2_seed1,1,shared_knn,NK,monocyte,0
V2,V2_seed1,1,shared_knn,NK,DC,0
V2,V2_seed1,1,shared_knn,NK,other,5
V2,V2_seed1,1,shared_knn,B,CD4T,1
V2,V2_seed1,1,shared_knn,B,CD8T,1
V2,V2_seed1,1,shared_knn,B,NK,0
V2,V2_seed1,1,shared_knn,B,B,91
V2,V2_seed1,1,shared_knn,B,monocyte,3
V2,V2_seed1,1,shared_knn,B,DC,0
V2,V2_seed1,1,shared_knn,B,other,6
V2,V2_seed1,1,shared_knn,monocyte,CD4T,0
V2,V2_seed1,1,shared_knn,monocyte,CD8T,0
V2,V2_seed1,1,shared_knn,monocyte,NK,0
V2,V2_seed1,1,shared_knn,monocyte,B,18
V2,V2_seed1,1,shared_knn,monocyte,monocyte,432
V2,V2_seed1,1,shared_knn,monocyte,DC,0
V2,V2_seed1,1,shared_knn,monocyte,other,6
V2,V2_seed1,1,shared_knn,DC,CD4T,0
V2,V2_seed1,1,shared_knn,DC,CD8T,0
V2,V2_seed1,1,shared_knn,DC,NK,0
V2,V2_seed1,1,shared_knn,DC,B,21
V2,V2_seed1,1,shared_knn,DC,monocyte,31
V2,V2_seed1,1,shared_knn,DC,DC,0
V2,V2_seed1,1,shared_knn,DC,other,2
V2,V2_seed2,2,nearest_centroid,CD4T,CD4T,223
V2,V2_seed2,2,nearest_centroid,CD4T,CD8T,17
V2,V2_seed2,2,nearest_centroid,CD4T,NK,2
V2,V2_seed2,2,nearest_centroid,CD4T,B,57
V2,V2_seed2,2,nearest_centroid,CD4T,monocyte,6
V2,V2_seed2,2,nearest_centroid,CD4T,DC,0
V2,V2_seed2,2,nearest_centroid,CD4T,other,3
V2,V2_seed2,2,nearest_centroid,CD8T,CD4T,117
V2,V2_seed2,2,nearest_centroid,CD8T,CD8T,47
V2,V2_seed2,2,nearest_centroid,CD8T,NK,7
V2,V2_seed2,2,nearest_centroid,CD8T,B,6
V2,V2_seed2,2,nearest_centroid,CD8T,monocyte,4
V2,V2_seed2,2,nearest_centroid,CD8T,DC,0
V2,V2_seed2,2,nearest_centroid,CD8T,other,0
V2,V2_seed2,2,nearest_centroid,NK,CD4T,8
V2,V2_seed2,2,nearest_centroid,NK,CD8T,65
V2,V2_seed2,2,nearest_centroid,NK,NK,69
V2,V2_seed2,2,nearest_centroid,NK,B,1
V2,V2_seed2,2,nearest_centroid,NK,monocyte,3
V2,V2_seed2,2,nearest_centroid,NK,DC,0
V2,V2_seed2,2,nearest_centroid,NK,other,4
V2,V2_seed2,2,nearest_centroid,B,CD4T,1
V2,V2_seed2,2,nearest_centroid,B,CD8T,0
V2,V2_seed2,2,nearest_centroid,B,NK,0
V2,V2_seed2,2,nearest_centroid,B,B,99
V2,V2_seed2,2,nearest_centroid,B,monocyte,2
V2,V2_seed2,2,nearest_centroid,B,DC,0
V2,V2_seed2,2,nearest_centroid,B,other,0
V2,V2_seed2,2,nearest_centroid,monocyte,CD4T,0
V2,V2_seed2,2,nearest_centroid,monocyte,CD8T,0
V2,V2_seed2,2,nearest_centroid,monocyte,NK,0
V2,V2_seed2,2,nearest_centroid,monocyte,B,21
V2,V2_seed2,2,nearest_centroid,monocyte,monocyte,355
V2,V2_seed2,2,nearest_centroid,monocyte,DC,74
V2,V2_seed2,2,nearest_centroid,monocyte,other,6
V2,V2_seed2,2,nearest_centroid,DC,CD4T,1
V2,V2_seed2,2,nearest_centroid,DC,CD8T,0
V2,V2_seed2,2,nearest_centroid,DC,NK,0
V2,V2_seed2,2,nearest_centroid,DC,B,21
V2,V2_seed2,2,nearest_centroid,DC,monocyte,25
V2,V2_seed2,2,nearest_centroid,DC,DC,5
V2,V2_seed2,2,nearest_centroid,DC,other,2
V2,V2_seed2,2,shared_knn,CD4T,CD4T,198
V2,V2_seed2,2,shared_knn,CD4T,CD8T,45
V2,V2_seed2,2,shared_knn,CD4T,NK,1
V2,V2_seed2,2,shared_knn,CD4T,B,57
V2,V2_seed2,2,shared_knn,CD4T,monocyte,5
V2,V2_seed2,2,shared_knn,CD4T,DC,0
V2,V2_seed2,2,shared_knn,CD4T,other,2
V2,V2_seed2,2,shared_knn,CD8T,CD4T,101
V2,V2_seed2,2,shared_knn,CD8T,CD8T,65
V2,V2_seed2,2,shared_knn,CD8T,NK,4
V2,V2_seed2,2,shared_knn,CD8T,B,5
V2,V2_seed2,2,shared_knn,CD8T,monocyte,4
V2,V2_seed2,2,shared_knn,CD8T,DC,0
V2,V2_seed2,2,shared_knn,CD8T,other,2
V2,V2_seed2,2,shared_knn,NK,CD4T,5
V2,V2_seed2,2,shared_knn,NK,CD8T,103
V2,V2_seed2,2,shared_knn,NK,NK,35
V2,V2_seed2,2,shared_knn,NK,B,1
V2,V2_seed2,2,shared_knn,NK,monocyte,3
V2,V2_seed2,2,shared_knn,NK,DC,0
V2,V2_seed2,2,shared_knn,NK,other,3
V2,V2_seed2,2,shared_knn,B,CD4T,1
V2,V2_seed2,2,shared_knn,B,CD8T,0
V2,V2_seed2,2,shared_knn,B,NK,0
V2,V2_seed2,2,shared_knn,B,B,96
V2,V2_seed2,2,shared_knn,B,monocyte,2
V2,V2_seed2,2,shared_knn,B,DC,0
V2,V2_seed2,2,shared_knn,B,other,3
V2,V2_seed2,2,shared_knn,monocyte,CD4T,0
V2,V2_seed2,2,shared_knn,monocyte,CD8T,0
V2,V2_seed2,2,shared_knn,monocyte,NK,0
V2,V2_seed2,2,shared_knn,monocyte,B,19
V2,V2_seed2,2,shared_knn,monocyte,monocyte,425
V2,V2_seed2,2,shared_knn,monocyte,DC,0
V2,V2_seed2,2,shared_knn,monocyte,other,12
V2,V2_seed2,2,shared_knn,DC,CD4T,0
V2,V2_seed2,2,shared_knn,DC,CD8T,0
V2,V2_seed2,2,shared_knn,DC,NK,0
V2,V2_seed2,2,shared_knn,DC,B,21
V2,V2_seed2,2,shared_knn,DC,monocyte,30
V2,V2_seed2,2,shared_knn,DC,DC,0
V2,V2_seed2,2,shared_knn,DC,other,3
V2,V2_seed3,3,nearest_centroid,CD4T,CD4T,217
V2,V2_seed3,3,nearest_centroid,CD4T,CD8T,15
V2,V2_seed3,3,nearest_centroid,CD4T,NK,3
V2,V2_seed3,3,nearest_centroid,CD4T,B,59
V2,V2_seed3,3,nearest_centroid,CD4T,monocyte,1
V2,V2_seed3,3,nearest_centroid,CD4T,DC,0
V2,V2_seed3,3,nearest_centroid,CD4T,other,13
V2,V2_seed3,3,nearest_centroid,CD8T,CD4T,105
V2,V2_seed3,3,nearest_centroid,CD8T,CD8T,51
V2,V2_seed3,3,nearest_centroid,CD8T,NK,10
V2,V2_seed3,3,nearest_centroid,CD8T,B,9
V2,V2_seed3,3,nearest_centroid,CD8T,monocyte,2
V2,V2_seed3,3,nearest_centroid,CD8T,DC,0
V2,V2_seed3,3,nearest_centroid,CD8T,other,4
V2,V2_seed3,3,nearest_centroid,NK,CD4T,3
V2,V2_seed3,3,nearest_centroid,NK,CD8T,29
V2,V2_seed3,3,nearest_centroid,NK,NK,105
V2,V2_seed3,3,nearest_centroid,NK,B,1
V2,V2_seed3,3,nearest_centroid,NK,monocyte,1
V2,V2_seed3,3,nearest_centroid,NK,DC,0
V2,V2_seed3,3,nearest_centroid,NK,other,11
V2,V2_seed3,3,nearest_centroid,B,CD4T,1
V2,V2_seed3,3,nearest_centroid,B,CD8T,0
V2,V2_seed3,3,nearest_centroid,B,NK,0
V2,V2_seed3,3,nearest_centroid,B,B,96
V2,V2_seed3,3,nearest_centroid,B,monocyte,3
V2,V2_seed3,3,nearest_centroid,B,DC,0
V2,V2_seed3,3,nearest_centroid,B,other,2
V2,V2_seed3,3,nearest_centroid,monocyte,CD4T,0
V2,V2_seed3,3,nearest_centroid,monocyte,CD8T,2
V2,V2_seed3,3,nearest_centroid,monocyte,NK,0
V2,V2_seed3,3,nearest_centroid,monocyte,B,5
V2,V2_seed3,3,nearest_centroid,monocyte,monocyte,370
V2,V2_seed3,3,nearest_centroid,monocyte,DC,63
V2,V2_seed3,3,nearest_centroid,monocyte,other,16
V2,V2_seed3,3,nearest_centroid,DC,CD4T,1
V2,V2_seed3,3,nearest_centroid,DC,CD8T,0
V2,V2_seed3,3,nearest_centroid,DC,NK,1
V2,V2_seed3,3,nearest_centroid,DC,B,13
V2,V2_seed3,3,nearest_centroid,DC,monocyte,23
V2,V2_seed3,3,nearest_centroid,DC,DC,6
V2,V2_seed3,3,nearest_centroid,DC,other,10
V2,V2_seed3,3,shared_knn,CD4T,CD4T,163
V2,V2_seed3,3,shared_knn,CD4T,CD8T,75
V2,V2_seed3,3,shared_knn,CD4T,NK,2
V2,V2_seed3,3,shared_knn,CD4T,B,57
V2,V2_seed3,3,shared_knn,CD4T,monocyte,2
V2,V2_seed3,3,shared_knn,CD4T,DC,0
V2,V2_seed3,3,shared_knn,CD4T,other,9
V2,V2_seed3,3,shared_knn,CD8T,CD4T,71
V2,V2_seed3,3,shared_knn,CD8T,CD8T,92
V2,V2_seed3,3,shared_knn,CD8T,NK,5
V2,V2_seed3,3,shared_knn,CD8T,B,8
V2,V2_seed3,3,shared_knn,CD8T,monocyte,2
V2,V2_seed3,3,shared_knn,CD8T,DC,0
V2,V2_seed3,3,shared_knn,CD8T,other,3
V2,V2_seed3,3,shared_knn,NK,CD4T,3
V2,V2_seed3,3,shared_knn,NK,CD8T,56
V2,V2_seed3,3,shared_knn,NK,NK,82
V2,V2_seed3,3,shared_knn,NK,B,1
V2,V2_seed3,3,shared_knn,NK,monocyte,1
V2,V2_seed3,3,shared_knn,NK,DC,0
V2,V2_seed3,3,shared_knn,NK,other,7
V2,V2_seed3,3,shared_knn,B,CD4T,1
V2,V2_seed3,3,shared_knn,B,CD8T,0
V2,V2_seed3,3,shared_knn,B,NK,0
V2,V2_seed3,3,shared_knn,B,B,90
V2,V2_seed3,3,shared_knn,B,monocyte,2
V2,V2_seed3,3,shared_knn,B,DC,0
V2,V2_seed3,3,shared_knn,B,other,9
V2,V2_seed3,3,shared_knn,monocyte,CD4T,0
V2,V2_seed3,3,shared_knn,monocyte,CD8T,2
V2,V2_seed3,3,shared_knn,monocyte,NK,0
V2,V2_seed3,3,shared_knn,monocyte,B,5
V2,V2_seed3,3,shared_knn,monocyte,monocyte,439
V2,V2_seed3,3,shared_knn,monocyte,DC,0
V2,V2_seed3,3,shared_knn,monocyte,other,10
V2,V2_seed3,3,shared_knn,DC,CD4T,0
V2,V2_seed3,3,shared_knn,DC,CD8T,1
V2,V2_seed3,3,shared_knn,DC,NK,0
V2,V2_seed3,3,shared_knn,DC,B,13
V2,V2_seed3,3,shared_knn,DC,monocyte,36
V2,V2_seed3,3,shared_knn,DC,DC,0
V2,V2_seed3,3,shared_knn,DC,other,4
V2,V2_seed4,4,nearest_centroid,CD4T,CD4T,230
V2,V2_seed4,4,nearest_centroid,CD4T,CD8T,16
V2,V2_seed4,4,nearest_centroid,CD4T,NK,2
V2,V2_seed4,4,nearest_centroid,CD4T,B,51
V2,V2_seed4,4,nearest_centroid,CD4T,monocyte,0
V2,V2_seed4,4,nearest_centroid,CD4T,DC,0
V2,V2_seed4,4,nearest_centroid,CD4T,other,9
V2,V2_seed4,4,nearest_centroid,CD8T,CD4T,113
V2,V2_seed4,4,nearest_centroid,CD8T,CD8T,45
V2,V2_seed4,4,nearest_centroid,CD8T,NK,11
V2,V2_seed4,4,nearest_centroid,CD8T,B,9
V2,V2_seed4,4,nearest_centroid,CD8T,monocyte,1
V2,V2_seed4,4,nearest_centroid,CD8T,DC,0
V2,V2_seed4,4,nearest_centroid,CD8T,other,2
V2,V2_seed4,4,nearest_centroid,NK,CD4T,2
V2,V2_seed4,4,nearest_centroid,NK,CD8T,34
V2,V2_seed4,4,nearest_centroid,NK,NK,104
V2,V2_seed4,4,nearest_centroid,NK,B,2
V2,V2_seed4,4,nearest_centroid,NK,monocyte,0
V2,V2_seed4,4,nearest_centroid,NK,DC,0
V2,V2_seed4,4,nearest_centroid,NK,other,8
V2,V2_seed4,4,nearest_centroid,B,CD4T,1
V2,V2_seed4,4,nearest_centroid,B,CD8T,0
V2,V2_seed4,4,nearest_centroid,B,NK,0
V2,V2_seed4,4,nearest_centroid,B,B,100
V2,V2_seed4,4,nearest_centroid,B,monocyte,1
V2,V2_seed4,4,nearest_centroid,B,DC,0
V2,V2_seed4,4,nearest_centroid,B,other,0
V2,V2_seed4,4,nearest_centroid,monocyte,CD4T,1
V2,V2_seed4,4,nearest_centroid,monocyte,CD8T,0
V2,V2_seed4,4,nearest_centroid,monocyte,NK,0
V2,V2_seed4,4,nearest_centroid,monocyte,B,6
V2,V2_seed4,4,nearest_centroid,monocyte,monocyte,375
V2,V2_seed4,4,nearest_centroid,monocyte,DC,65
V2,V2_seed4,4,nearest_centroid,monocyte,other,9
V2,V2_seed4,4,nearest_centroid,DC,CD4T,0
V2,V2_seed4,4,nearest_centroid,DC,CD8T,0
V2,V2_seed4,4,nearest_centroid,DC,NK,0
V2,V2_seed4,4,nearest_centroid,DC,B,15
V2,V2_seed4,4,nearest_centroid,DC,monocyte,27
V2,V2_seed4,4,nearest_centroid,DC,DC,3
V2,V2_seed4,4,nearest_centroid,DC,other,9
V2,V2_seed4,4,shared_knn,CD4T,CD4T,181
V2,V2_seed4,4,shared_knn,CD4T,CD8T,69
V2,V2_seed4,4,shared_knn,CD4T,NK,3
V2,V2_seed4,4,shared_knn,CD4T,B,52
V2,V2_seed4,4,shared_knn,CD4T,monocyte,2
V2,V2_seed4,4,shared_knn,CD4T,DC,0
V2,V2_seed4,4,shared_knn,CD4T,other,1
V2,V2_seed4,4,shared_knn,CD8T,CD4T,79
V2,V2_seed4,4,shared_knn,CD8T,CD8T,82
V2,V2_seed4,4,shared_knn,CD8T,NK,7
V2,V2_seed4,4,shared_knn,CD8T,B,9
V2,V2_seed4,4,shared_knn,CD8T,monocyte,2
V2,V2_seed4,4,shared_knn,CD8T,DC,0
V2,V2_seed4,4,shared_knn,CD8T,other,2
V2,V2_seed4,4,shared_knn,NK,CD4T,2
V2,V2_seed4,4,shared_knn,NK,CD8T,58
V2,V2_seed4,4,shared_knn,NK,NK,82
V2,V2_seed4,4,shared_knn,NK,B,3
V2,V2_seed4,4,shared_knn,NK,monocyte,0
V2,V2_seed4,4,shared_knn,NK,DC,0
V2,V2_seed4,4,shared_knn,NK,other,5
V2,V2_seed4,4,shared_knn,B,CD4T,1
V2,V2_seed4,4,shared_knn,B,CD8T,0
V2,V2_seed4,4,shared_knn,B,NK,0
V2,V2_seed4,4,shared_knn,B,B,95
V2,V2_seed4,4,shared_knn,B,monocyte,1
V2,V2_seed4,4,shared_knn,B,DC,0
V2,V2_seed4,4,shared_knn,B,other,5
V2,V2_seed4,4,shared_knn,monocyte,CD4T,0
V2,V2_seed4,4,shared_knn,monocyte,CD8T,1
V2,V2_seed4,4,shared_knn,monocyte,NK,0
V2,V2_seed4,4,shared_knn,monocyte,B,4
V2,V2_seed4,4,shared_knn,monocyte,monocyte,442
V2,V2_seed4,4,shared_knn,monocyte,DC,0
V2,V2_seed4,4,shared_knn,monocyte,other,9
V2,V2_seed4,4,shared_knn,DC,CD4T,0
V2,V2_seed4,4,shared_knn,DC,CD8T,1
V2,V2_seed4,4,shared_knn,DC,NK,0
V2,V2_seed4,4,shared_knn,DC,B,14
V2,V2_seed4,4,shared_knn,DC,monocyte,37
V2,V2_seed4,4,shared_knn,DC,DC,0
V2,V2_seed4,4,shared_knn,DC,other,2
scANVI_log2,scanvi_log2_seed0,0,native,CD4T,CD4T,0
scANVI_log2,scanvi_log2_seed0,0,native,CD4T,CD8T,1
scANVI_log2,scanvi_log2_seed0,0,native,CD4T,NK,1
scANVI_log2,scanvi_log2_seed0,0,native,CD4T,B,0
scANVI_log2,scanvi_log2_seed0,0,native,CD4T,monocyte,1
scANVI_log2,scanvi_log2_seed0,0,native,CD4T,DC,0
scANVI_log2,scanvi_log2_seed0,0,native,CD4T,other,305
scANVI_log2,scanvi_log2_seed0,0,native,CD8T,CD4T,0
scANVI_log2,scanvi_log2_seed0,0,native,CD8T,CD8T,0
scANVI_log2,scanvi_log2_seed0,0,native,CD8T,NK,0
scANVI_log2,scanvi_log2_seed0,0,native,CD8T,B,0
scANVI_log2,scanvi_log2_seed0,0,native,CD8T,monocyte,0
scANVI_log2,scanvi_log2_seed0,0,native,CD8T,DC,0
scANVI_log2,scanvi_log2_seed0,0,native,CD8T,other,181
scANVI_log2,scanvi_log2_seed0,0,native,NK,CD4T,0
scANVI_log2,scanvi_log2_seed0,0,native,NK,CD8T,1
scANVI_log2,scanvi_log2_seed0,0,native,NK,NK,1
scANVI_log2,scanvi_log2_seed0,0,native,NK,B,0
scANVI_log2,scanvi_log2_seed0,0,native,NK,monocyte,0
scANVI_log2,scanvi_log2_seed0,0,native,NK,DC,0
scANVI_log2,scanvi_log2_seed0,0,native,NK,other,148
scANVI_log2,scanvi_log2_seed0,0,native,B,CD4T,0
scANVI_log2,scanvi_log2_seed0,0,native,B,CD8T,0
scANVI_log2,scanvi_log2_seed0,0,native,B,NK,0
scANVI_log2,scanvi_log2_seed0,0,native,B,B,0
scANVI_log2,scanvi_log2_seed0,0,native,B,monocyte,0
scANVI_log2,scanvi_log2_seed0,0,native,B,DC,0
scANVI_log2,scanvi_log2_seed0,0,native,B,other,102
scANVI_log2,scanvi_log2_seed0,0,native,monocyte,CD4T,0
scANVI_log2,scanvi_log2_seed0,0,native,monocyte,CD8T,0
scANVI_log2,scanvi_log2_seed0,0,native,monocyte,NK,0
scANVI_log2,scanvi_log2_seed0,0,native,monocyte,B,0
scANVI_log2,scanvi_log2_seed0,0,native,monocyte,monocyte,265
scANVI_log2,scanvi_log2_seed0,0,native,monocyte,DC,0
scANVI_log2,scanvi_log2_seed0,0,native,monocyte,other,191
scANVI_log2,scanvi_log2_seed0,0,native,DC,CD4T,0
scANVI_log2,scanvi_log2_seed0,0,native,DC,CD8T,0
scANVI_log2,scanvi_log2_seed0,0,native,DC,NK,0
scANVI_log2,scanvi_log2_seed0,0,native,DC,B,1
scANVI_log2,scanvi_log2_seed0,0,native,DC,monocyte,6
scANVI_log2,scanvi_log2_seed0,0,native,DC,DC,0
scANVI_log2,scanvi_log2_seed0,0,native,DC,other,47
scANVI_log2,scanvi_log2_seed0,0,shared_knn,CD4T,CD4T,115
scANVI_log2,scanvi_log2_seed0,0,shared_knn,CD4T,CD8T,14
scANVI_log2,scanvi_log2_seed0,0,shared_knn,CD4T,NK,3
scANVI_log2,scanvi_log2_seed0,0,shared_knn,CD4T,B,0
scANVI_log2,scanvi_log2_seed0,0,shared_knn,CD4T,monocyte,0
scANVI_log2,scanvi_log2_seed0,0,shared_knn,CD4T,DC,0
scANVI_log2,scanvi_log2_seed0,0,shared_knn,CD4T,other,176
scANVI_log2,scanvi_log2_seed0,0,shared_knn,CD8T,CD4T,45
scANVI_log2,scanvi_log2_seed0,0,shared_knn,CD8T,CD8T,3
scANVI_log2,scanvi_log2_seed0,0,shared_knn,CD8T,NK,0
scANVI_log2,scanvi_log2_seed0,0,shared_knn,CD8T,B,0
scANVI_log2,scanvi_log2_seed0,0,shared_knn,CD8T,monocyte,3
scANVI_log2,scanvi_log2_seed0,0,shared_knn,CD8T,DC,0
scANVI_log2,scanvi_log2_seed0,0,shared_knn,CD8T,other,130
scANVI_log2,scanvi_log2_seed0,0,shared_knn,NK,CD4T,1
scANVI_log2,scanvi_log2_seed0,0,shared_knn,NK,CD8T,3
scANVI_log2,scanvi_log2_seed0,0,shared_knn,NK,NK,15
scANVI_log2,scanvi_log2_seed0,0,shared_knn,NK,B,0
scANVI_log2,scanvi_log2_seed0,0,shared_knn,NK,monocyte,0
scANVI_log2,scanvi_log2_seed0,0,shared_knn,NK,DC,0
scANVI_log2,scanvi_log2_seed0,0,shared_knn,NK,other,131
scANVI_log2,scanvi_log2_seed0,0,shared_knn,B,CD4T,26
scANVI_log2,scanvi_log2_seed0,0,shared_knn,B,CD8T,1
scANVI_log2,scanvi_log2_seed0,0,shared_knn,B,NK,0
scANVI_log2,scanvi_log2_seed0,0,shared_knn,B,B,3
scANVI_log2,scanvi_log2_seed0,0,shared_knn,B,monocyte,1
scANVI_log2,scanvi_log2_seed0,0,shared_knn,B,DC,0
scANVI_log2,scanvi_log2_seed0,0,shared_knn,B,other,71
scANVI_log2,scanvi_log2_seed0,0,shared_knn,monocyte,CD4T,0
scANVI_log2,scanvi_log2_seed0,0,shared_knn,monocyte,CD8T,0
scANVI_log2,scanvi_log2_seed0,0,shared_knn,monocyte,NK,0
scANVI_log2,scanvi_log2_seed0,0,shared_knn,monocyte,B,0
scANVI_log2,scanvi_log2_seed0,0,shared_knn,monocyte,monocyte,315
scANVI_log2,scanvi_log2_seed0,0,shared_knn,monocyte,DC,0
scANVI_log2,scanvi_log2_seed0,0,shared_knn,monocyte,other,141
scANVI_log2,scanvi_log2_seed0,0,shared_knn,DC,CD4T,1
scANVI_log2,scanvi_log2_seed0,0,shared_knn,DC,CD8T,0
scANVI_log2,scanvi_log2_seed0,0,shared_knn,DC,NK,0
scANVI_log2,scanvi_log2_seed0,0,shared_knn,DC,B,3
scANVI_log2,scanvi_log2_seed0,0,shared_knn,DC,monocyte,17
scANVI_log2,scanvi_log2_seed0,0,shared_knn,DC,DC,0
scANVI_log2,scanvi_log2_seed0,0,shared_knn,DC,other,33
scANVI_log2,scanvi_log2_seed1,1,native,CD4T,CD4T,9
scANVI_log2,scanvi_log2_seed1,1,native,CD4T,CD8T,158
scANVI_log2,scanvi_log2_seed1,1,native,CD4T,NK,0
scANVI_log2,scanvi_log2_seed1,1,native,CD4T,B,0
scANVI_log2,scanvi_log2_seed1,1,native,CD4T,monocyte,2
scANVI_log2,scanvi_log2_seed1,1,native,CD4T,DC,0
scANVI_log2,scanvi_log2_seed1,1,native,CD4T,other,139
scANVI_log2,scanvi_log2_seed1,1,native,CD8T,CD4T,0
scANVI_log2,scanvi_log2_seed1,1,native,CD8T,CD8T,59
scANVI_log2,scanvi_log2_seed1,1,native,CD8T,NK,0
scANVI_log2,scanvi_log2_seed1,1,native,CD8T,B,0
scANVI_log2,scanvi_log2_seed1,1,native,CD8T,monocyte,2
scANVI_log2,scanvi_log2_seed1,1,native,CD8T,DC,0
scANVI_log2,scanvi_log2_seed1,1,native,CD8T,other,120
scANVI_log2,scanvi_log2_seed1,1,native,NK,CD4T,0
scANVI_log2,scanvi_log2_seed1,1,native,NK,CD8T,43
scANVI_log2,scanvi_log2_seed1,1,native,NK,NK,0
scANVI_log2,scanvi_log2_seed1,1,native,NK,B,0
scANVI_log2,scanvi_log2_seed1,1,native,NK,monocyte,0
scANVI_log2,scanvi_log2_seed1,1,native,NK,DC,0
scANVI_log2,scanvi_log2_seed1,1,native,NK,other,107
scANVI_log2,scanvi_log2_seed1,1,native,B,CD4T,0
scANVI_log2,scanvi_log2_seed1,1,native,B,CD8T,46
scANVI_log2,scanvi_log2_seed1,1,native,B,NK,0
scANVI_log2,scanvi_log2_seed1,1,native,B,B,0
scANVI_log2,scanvi_log2_seed1,1,native,B,monocyte,0
scANVI_log2,scanvi_log2_seed1,1,native,B,DC,0
scANVI_log2,scanvi_log2_seed1,1,native,B,other,56
scANVI_log2,scanvi_log2_seed1,1,native,monocyte,CD4T,0
scANVI_log2,scanvi_log2_seed1,1,native,monocyte,CD8T,0
scANVI_log2,scanvi_log2_seed1,1,native,monocyte,NK,0
scANVI_log2,scanvi_log2_seed1,1,native,monocyte,B,0
scANVI_log2,scanvi_log2_seed1,1,native,monocyte,monocyte,260
scANVI_log2,scanvi_log2_seed1,1,native,monocyte,DC,0
scANVI_log2,scanvi_log2_seed1,1,native,monocyte,other,196
scANVI_log2,scanvi_log2_seed1,1,native,DC,CD4T,0
scANVI_log2,scanvi_log2_seed1,1,native,DC,CD8T,3
scANVI_log2,scanvi_log2_seed1,1,native,DC,NK,0
scANVI_log2,scanvi_log2_seed1,1,native,DC,B,1
scANVI_log2,scanvi_log2_seed1,1,native,DC,monocyte,16
scANVI_log2,scanvi_log2_seed1,1,native,DC,DC,0
scANVI_log2,scanvi_log2_seed1,1,native,DC,other,34
scANVI_log2,scanvi_log2_seed1,1,shared_knn,CD4T,CD4T,183
scANVI_log2,scanvi_log2_seed1,1,shared_knn,CD4T,CD8T,5
scANVI_log2,scanvi_log2_seed1,1,shared_knn,CD4T,NK,8
scANVI_log2,scanvi_log2_seed1,1,shared_knn,CD4T,B,1
scANVI_log2,scanvi_log2_seed1,1,shared_knn,CD4T,monocyte,2
scANVI_log2,scanvi_log2_seed1,1,shared_knn,CD4T,DC,0
scANVI_log2,scanvi_log2_seed1,1,shared_knn,CD4T,other,109
scANVI_log2,scanvi_log2_seed1,1,shared_knn,CD8T,CD4T,52
scANVI_log2,scanvi_log2_seed1,1,shared_knn,CD8T,CD8T,12
scANVI_log2,scanvi_log2_seed1,1,shared_knn,CD8T,NK,5
scANVI_log2,scanvi_log2_seed1,1,shared_knn,CD8T,B,0
scANVI_log2,scanvi_log2_seed1,1,shared_knn,CD8T,monocyte,1
scANVI_log2,scanvi_log2_seed1,1,shared_knn,CD8T,DC,0
scANVI_log2,scanvi_log2_seed1,1,shared_knn,CD8T,other,111
scANVI_log2,scanvi_log2_seed1,1,shared_knn,NK,CD4T,0
scANVI_log2,scanvi_log2_seed1,1,shared_knn,NK,CD8T,3
scANVI_log2,scanvi_log2_seed1,1,shared_knn,NK,NK,24
scANVI_log2,scanvi_log2_seed1,1,shared_knn,NK,B,0
scANVI_log2,scanvi_log2_seed1,1,shared_knn,NK,monocyte,0
scANVI_log2,scanvi_log2_seed1,1,shared_knn,NK,DC,0
scANVI_log2,scanvi_log2_seed1,1,shared_knn,NK,other,123
scANVI_log2,scanvi_log2_seed1,1,shared_knn,B,CD4T,46
scANVI_log2,scanvi_log2_seed1,1,shared_knn,B,CD8T,1
scANVI_log2,scanvi_log2_seed1,1,shared_knn,B,NK,1
scANVI_log2,scanvi_log2_seed1,1,shared_knn,B,B,7
scANVI_log2,scanvi_log2_seed1,1,shared_knn,B,monocyte,0
scANVI_log2,scanvi_log2_seed1,1,shared_knn,B,DC,0
scANVI_log2,scanvi_log2_seed1,1,shared_knn,B,other,47
scANVI_log2,scanvi_log2_seed1,1,shared_knn,monocyte,CD4T,0
scANVI_log2,scanvi_log2_seed1,1,shared_knn,monocyte,CD8T,0
scANVI_log2,scanvi_log2_seed1,1,shared_knn,monocyte,NK,0
scANVI_log2,scanvi_log2_seed1,1,shared_knn,monocyte,B,0
scANVI_log2,scanvi_log2_seed1,1,shared_knn,monocyte,monocyte,142
scANVI_log2,scanvi_log2_seed1,1,shared_knn,monocyte,DC,0
scANVI_log2,scanvi_log2_seed1,1,shared_knn,monocyte,other,314
scANVI_log2,scanvi_log2_seed1,1,shared_knn,DC,CD4T,2
scANVI_log2,scanvi_log2_seed1,1,shared_knn,DC,CD8T,0
scANVI_log2,scanvi_log2_seed1,1,shared_knn,DC,NK,1
scANVI_log2,scanvi_log2_seed1,1,shared_knn,DC,B,0
scANVI_log2,scanvi_log2_seed1,1,shared_knn,DC,monocyte,18
scANVI_log2,scanvi_log2_seed1,1,shared_knn,DC,DC,0
scANVI_log2,scanvi_log2_seed1,1,shared_knn,DC,other,33
scANVI_log2,scanvi_log2_seed2,2,native,CD4T,CD4T,0
scANVI_log2,scanvi_log2_seed2,2,native,CD4T,CD8T,9
scANVI_log2,scanvi_log2_seed2,2,native,CD4T,NK,0
scANVI_log2,scanvi_log2_seed2,2,native,CD4T,B,273
scANVI_log2,scanvi_log2_seed2,2,native,CD4T,monocyte,0
scANVI_log2,scanvi_log2_seed2,2,native,CD4T,DC,0
scANVI_log2,scanvi_log2_seed2,2,native,CD4T,other,26
scANVI_log2,scanvi_log2_seed2,2,native,CD8T,CD4T,0
scANVI_log2,scanvi_log2_seed2,2,native,CD8T,CD8T,4
scANVI_log2,scanvi_log2_seed2,2,native,CD8T,NK,0
scANVI_log2,scanvi_log2_seed2,2,native,CD8T,B,120
scANVI_log2,scanvi_log2_seed2,2,native,CD8T,monocyte,10
scANVI_log2,scanvi_log2_seed2,2,native,CD8T,DC,0
scANVI_log2,scanvi_log2_seed2,2,native,CD8T,other,47
scANVI_log2,scanvi_log2_seed2,2,native,NK,CD4T,0
scANVI_log2,scanvi_log2_seed2,2,native,NK,CD8T,11
scANVI_log2,scanvi_log2_seed2,2,native,NK,NK,0
scANVI_log2,scanvi_log2_seed2,2,native,NK,B,15
scANVI_log2,scanvi_log2_seed2,2,native,NK,monocyte,0
scANVI_log2,scanvi_log2_seed2,2,native,NK,DC,0
scANVI_log2,scanvi_log2_seed2,2,native,NK,other,124
scANVI_log2,scanvi_log2_seed2,2,native,B,CD4T,0
scANVI_log2,scanvi_log2_seed2,2,native,B,CD8T,2
scANVI_log2,scanvi_log2_seed2,2,native,B,NK,0
scANVI_log2,scanvi_log2_seed2,2,native,B,B,97
scANVI_log2,scanvi_log2_seed2,2,native,B,monocyte,0
scANVI_log2,scanvi_log2_seed2,2,native,B,DC,0
scANVI_log2,scanvi_log2_seed2,2,native,B,other,3
scANVI_log2,scanvi_log2_seed2,2,native,monocyte,CD4T,0
scANVI_log2,scanvi_log2_seed2,2,native,monocyte,CD8T,0
scANVI_log2,scanvi_log2_seed2,2,native,monocyte,NK,0
scANVI_log2,scanvi_log2_seed2,2,native,monocyte,B,0
scANVI_log2,scanvi_log2_seed2,2,native,monocyte,monocyte,424
scANVI_log2,scanvi_log2_seed2,2,native,monocyte,DC,0
scANVI_log2,scanvi_log2_seed2,2,native,monocyte,other,32
scANVI_log2,scanvi_log2_seed2,2,native,DC,CD4T,0
scANVI_log2,scanvi_log2_seed2,2,native,DC,CD8T,0
scANVI_log2,scanvi_log2_seed2,2,native,DC,NK,0
scANVI_log2,scanvi_log2_seed2,2,native,DC,B,21
scANVI_log2,scanvi_log2_seed2,2,native,DC,monocyte,30
scANVI_log2,scanvi_log2_seed2,2,native,DC,DC,0
scANVI_log2,scanvi_log2_seed2,2,native,DC,other,3
scANVI_log2,scanvi_log2_seed2,2,shared_knn,CD4T,CD4T,99
scANVI_log2,scanvi_log2_seed2,2,shared_knn,CD4T,CD8T,14
scANVI_log2,scanvi_log2_seed2,2,shared_knn,CD4T,NK,14
scANVI_log2,scanvi_log2_seed2,2,shared_knn,CD4T,B,9
scANVI_log2,scanvi_log2_seed2,2,shared_knn,CD4T,monocyte,7
scANVI_log2,scanvi_log2_seed2,2,shared_knn,CD4T,DC,0
scANVI_log2,scanvi_log2_seed2,2,shared_knn,CD4T,other,165
scANVI_log2,scanvi_log2_seed2,2,shared_knn,CD8T,CD4T,38
scANVI_log2,scanvi_log2_seed2,2,shared_knn,CD8T,CD8T,6
scANVI_log2,scanvi_log2_seed2,2,shared_knn,CD8T,NK,0
scANVI_log2,scanvi_log2_seed2,2,shared_knn,CD8T,B,8
scANVI_log2,scanvi_log2_seed2,2,shared_knn,CD8T,monocyte,13
scANVI_log2,scanvi_log2_seed2,2,shared_knn,CD8T,DC,0
scANVI_log2,scanvi_log2_seed2,2,shared_knn,CD8T,other,116
scANVI_log2,scanvi_log2_seed2,2,shared_knn,NK,CD4T,0
scANVI_log2,scanvi_log2_seed2,2,shared_knn,NK,CD8T,3
scANVI_log2,scanvi_log2_seed2,2,shared_knn,NK,NK,3
scANVI_log2,scanvi_log2_seed2,2,shared_knn,NK,B,0
scANVI_log2,scanvi_log2_seed2,2,shared_knn,NK,monocyte,0
scANVI_log2,scanvi_log2_seed2,2,shared_knn,NK,DC,0
scANVI_log2,scanvi_log2_seed2,2,shared_knn,NK,other,144
scANVI_log2,scanvi_log2_seed2,2,shared_knn,B,CD4T,10
scANVI_log2,scanvi_log2_seed2,2,shared_knn,B,CD8T,7
scANVI_log2,scanvi_log2_seed2,2,shared_knn,B,NK,10
scANVI_log2,scanvi_log2_seed2,2,shared_knn,B,B,18
scANVI_log2,scanvi_log2_seed2,2,shared_knn,B,monocyte,1
scANVI_log2,scanvi_log2_seed2,2,shared_knn,B,DC,0
scANVI_log2,scanvi_log2_seed2,2,shared_knn,B,other,56
scANVI_log2,scanvi_log2_seed2,2,shared_knn,monocyte,CD4T,0
scANVI_log2,scanvi_log2_seed2,2,shared_knn,monocyte,CD8T,0
scANVI_log2,scanvi_log2_seed2,2,shared_knn,monocyte,NK,0
scANVI_log2,scanvi_log2_seed2,2,shared_knn,monocyte,B,0
scANVI_log2,scanvi_log2_seed2,2,shared_knn,monocyte,monocyte,403
scANVI_log2,scanvi_log2_seed2,2,shared_knn,monocyte,DC,0
scANVI_log2,scanvi_log2_seed2,2,shared_knn,monocyte,other,53
scANVI_log2,scanvi_log2_seed2,2,shared_knn,DC,CD4T,0
scANVI_log2,scanvi_log2_seed2,2,shared_knn,DC,CD8T,0
scANVI_log2,scanvi_log2_seed2,2,shared_knn,DC,NK,0
scANVI_log2,scanvi_log2_seed2,2,shared_knn,DC,B,6
scANVI_log2,scanvi_log2_seed2,2,shared_knn,DC,monocyte,38
scANVI_log2,scanvi_log2_seed2,2,shared_knn,DC,DC,0
scANVI_log2,scanvi_log2_seed2,2,shared_knn,DC,other,10
scANVI_log2_cellmedian,scanvi_log2_cellmedian_seed0,0,native,CD4T,CD4T,0
scANVI_log2_cellmedian,scanvi_log2_cellmedian_seed0,0,native,CD4T,CD8T,1
scANVI_log2_cellmedian,scanvi_log2_cellmedian_seed0,0,native,CD4T,NK,0
scANVI_log2_cellmedian,scanvi_log2_cellmedian_seed0,0,native,CD4T,B,0
scANVI_log2_cellmedian,scanvi_log2_cellmedian_seed0,0,native,CD4T,monocyte,0
scANVI_log2_cellmedian,scanvi_log2_cellmedian_seed0,0,native,CD4T,DC,0
scANVI_log2_cellmedian,scanvi_log2_cellmedian_seed0,0,native,CD4T,other,307
scANVI_log2_cellmedian,scanvi_log2_cellmedian_seed0,0,native,CD8T,CD4T,0
scANVI_log2_cellmedian,scanvi_log2_cellmedian_seed0,0,native,CD8T,CD8T,0
scANVI_log2_cellmedian,scanvi_log2_cellmedian_seed0,0,native,CD8T,NK,3
scANVI_log2_cellmedian,scanvi_log2_cellmedian_seed0,0,native,CD8T,B,0
scANVI_log2_cellmedian,scanvi_log2_cellmedian_seed0,0,native,CD8T,monocyte,0
scANVI_log2_cellmedian,scanvi_log2_cellmedian_seed0,0,native,CD8T,DC,0
scANVI_log2_cellmedian,scanvi_log2_cellmedian_seed0,0,native,CD8T,other,178
scANVI_log2_cellmedian,scanvi_log2_cellmedian_seed0,0,native,NK,CD4T,0
scANVI_log2_cellmedian,scanvi_log2_cellmedian_seed0,0,native,NK,CD8T,0
scANVI_log2_cellmedian,scanvi_log2_cellmedian_seed0,0,native,NK,NK,7
scANVI_log2_cellmedian,scanvi_log2_cellmedian_seed0,0,native,NK,B,0
scANVI_log2_cellmedian,scanvi_log2_cellmedian_seed0,0,native,NK,monocyte,0
scANVI_log2_cellmedian,scanvi_log2_cellmedian_seed0,0,native,NK,DC,0
scANVI_log2_cellmedian,scanvi_log2_cellmedian_seed0,0,native,NK,other,143
scANVI_log2_cellmedian,scanvi_log2_cellmedian_seed0,0,native,B,CD4T,0
scANVI_log2_cellmedian,scanvi_log2_cellmedian_seed0,0,native,B,CD8T,0
scANVI_log2_cellmedian,scanvi_log2_cellmedian_seed0,0,native,B,NK,0
scANVI_log2_cellmedian,scanvi_log2_cellmedian_seed0,0,native,B,B,0
scANVI_log2_cellmedian,scanvi_log2_cellmedian_seed0,0,native,B,monocyte,0
scANVI_log2_cellmedian,scanvi_log2_cellmedian_seed0,0,native,B,DC,0
scANVI_log2_cellmedian,scanvi_log2_cellmedian_seed0,0,native,B,other,102
scANVI_log2_cellmedian,scanvi_log2_cellmedian_seed0,0,native,monocyte,CD4T,0
scANVI_log2_cellmedian,scanvi_log2_cellmedian_seed0,0,native,monocyte,CD8T,0
scANVI_log2_cellmedian,scanvi_log2_cellmedian_seed0,0,native,monocyte,NK,0
scANVI_log2_cellmedian,scanvi_log2_cellmedian_seed0,0,native,monocyte,B,0
scANVI_log2_cellmedian,scanvi_log2_cellmedian_seed0,0,native,monocyte,monocyte,181
scANVI_log2_cellmedian,scanvi_log2_cellmedian_seed0,0,native,monocyte,DC,0
scANVI_log2_cellmedian,scanvi_log2_cellmedian_seed0,0,native,monocyte,other,275
scANVI_log2_cellmedian,scanvi_log2_cellmedian_seed0,0,native,DC,CD4T,0
scANVI_log2_cellmedian,scanvi_log2_cellmedian_seed0,0,native,DC,CD8T,0
scANVI_log2_cellmedian,scanvi_log2_cellmedian_seed0,0,native,DC,NK,0
scANVI_log2_cellmedian,scanvi_log2_cellmedian_seed0,0,native,DC,B,1
scANVI_log2_cellmedian,scanvi_log2_cellmedian_seed0,0,native,DC,monocyte,4
scANVI_log2_cellmedian,scanvi_log2_cellmedian_seed0,0,native,DC,DC,0
scANVI_log2_cellmedian,scanvi_log2_cellmedian_seed0,0,native,DC,other,49
scANVI_log2_cellmedian,scanvi_log2_cellmedian_seed0,0,shared_knn,CD4T,CD4T,18
scANVI_log2_cellmedian,scanvi_log2_cellmedian_seed0,0,shared_knn,CD4T,CD8T,5
scANVI_log2_cellmedian,scanvi_log2_cellmedian_seed0,0,shared_knn,CD4T,NK,24
scANVI_log2_cellmedian,scanvi_log2_cellmedian_seed0,0,shared_knn,CD4T,B,25
scANVI_log2_cellmedian,scanvi_log2_cellmedian_seed0,0,shared_knn,CD4T,monocyte,0
scANVI_log2_cellmedian,scanvi_log2_cellmedian_seed0,0,shared_knn,CD4T,DC,0
scANVI_log2_cellmedian,scanvi_log2_cellmedian_seed0,0,shared_knn,CD4T,other,236
scANVI_log2_cellmedian,scanvi_log2_cellmedian_seed0,0,shared_knn,CD8T,CD4T,8
scANVI_log2_cellmedian,scanvi_log2_cellmedian_seed0,0,shared_knn,CD8T,CD8T,5
scANVI_log2_cellmedian,scanvi_log2_cellmedian_seed0,0,shared_knn,CD8T,NK,8
scANVI_log2_cellmedian,scanvi_log2_cellmedian_seed0,0,shared_knn,CD8T,B,7
scANVI_log2_cellmedian,scanvi_log2_cellmedian_seed0,0,shared_knn,CD8T,monocyte,0
scANVI_log2_cellmedian,scanvi_log2_cellmedian_seed0,0,shared_knn,CD8T,DC,0
scANVI_log2_cellmedian,scanvi_log2_cellmedian_seed0,0,shared_knn,CD8T,other,153
scANVI_log2_cellmedian,scanvi_log2_cellmedian_seed0,0,shared_knn,NK,CD4T,0
scANVI_log2_cellmedian,scanvi_log2_cellmedian_seed0,0,shared_knn,NK,CD8T,1
scANVI_log2_cellmedian,scanvi_log2_cellmedian_seed0,0,shared_knn,NK,NK,9
scANVI_log2_cellmedian,scanvi_log2_cellmedian_seed0,0,shared_knn,NK,B,2
scANVI_log2_cellmedian,scanvi_log2_cellmedian_seed0,0,shared_knn,NK,monocyte,0
scANVI_log2_cellmedian,scanvi_log2_cellmedian_seed0,0,shared_knn,NK,DC,0
scANVI_log2_cellmedian,scanvi_log2_cellmedian_seed0,0,shared_knn,NK,other,138
scANVI_log2_cellmedian,scanvi_log2_cellmedian_seed0,0,shared_knn,B,CD4T,0
scANVI_log2_cellmedian,scanvi_log2_cellmedian_seed0,0,shared_knn,B,CD8T,1
scANVI_log2_cellmedian,scanvi_log2_cellmedian_seed0,0,shared_knn,B,NK,0
scANVI_log2_cellmedian,scanvi_log2_cellmedian_seed0,0,shared_knn,B,B,11
scANVI_log2_cellmedian,scanvi_log2_cellmedian_seed0,0,shared_knn,B,monocyte,0
scANVI_log2_cellmedian,scanvi_log2_cellmedian_seed0,0,shared_knn,B,DC,0
scANVI_log2_cellmedian,scanvi_log2_cellmedian_seed0,0,shared_knn,B,other,90
scANVI_log2_cellmedian,scanvi_log2_cellmedian_seed0,0,shared_knn,monocyte,CD4T,0
scANVI_log2_cellmedian,scanvi_log2_cellmedian_seed0,0,shared_knn,monocyte,CD8T,0
scANVI_log2_cellmedian,scanvi_log2_cellmedian_seed0,0,shared_knn,monocyte,NK,1
scANVI_log2_cellmedian,scanvi_log2_cellmedian_seed0,0,shared_knn,monocyte,B,5
scANVI_log2_cellmedian,scanvi_log2_cellmedian_seed0,0,shared_knn,monocyte,monocyte,118
scANVI_log2_cellmedian,scanvi_log2_cellmedian_seed0,0,shared_knn,monocyte,DC,0
scANVI_log2_cellmedian,scanvi_log2_cellmedian_seed0,0,shared_knn,monocyte,other,332
scANVI_log2_cellmedian,scanvi_log2_cellmedian_seed0,0,shared_knn,DC,CD4T,0
scANVI_log2_cellmedian,scanvi_log2_cellmedian_seed0,0,shared_knn,DC,CD8T,0
scANVI_log2_cellmedian,scanvi_log2_cellmedian_seed0,0,shared_knn,DC,NK,0
scANVI_log2_cellmedian,scanvi_log2_cellmedian_seed0,0,shared_knn,DC,B,14
scANVI_log2_cellmedian,scanvi_log2_cellmedian_seed0,0,shared_knn,DC,monocyte,6
scANVI_log2_cellmedian,scanvi_log2_cellmedian_seed0,0,shared_knn,DC,DC,0
scANVI_log2_cellmedian,scanvi_log2_cellmedian_seed0,0,shared_knn,DC,other,34
scANVI_log2_cellmedian,scanvi_log2_cellmedian_seed1,1,native,CD4T,CD4T,1
scANVI_log2_cellmedian,scanvi_log2_cellmedian_seed1,1,native,CD4T,CD8T,61
scANVI_log2_cellmedian,scanvi_log2_cellmedian_seed1,1,native,CD4T,NK,3
scANVI_log2_cellmedian,scanvi_log2_cellmedian_seed1,1,native,CD4T,B,82
scANVI_log2_cellmedian,scanvi_log2_cellmedian_seed1,1,native,CD4T,monocyte,5
scANVI_log2_cellmedian,scanvi_log2_cellmedian_seed1,1,native,CD4T,DC,0
scANVI_log2_cellmedian,scanvi_log2_cellmedian_seed1,1,native,CD4T,other,156
scANVI_log2_cellmedian,scanvi_log2_cellmedian_seed1,1,native,CD8T,CD4T,0
scANVI_log2_cellmedian,scanvi_log2_cellmedian_seed1,1,native,CD8T,CD8T,26
scANVI_log2_cellmedian,scanvi_log2_cellmedian_seed1,1,native,CD8T,NK,1
scANVI_log2_cellmedian,scanvi_log2_cellmedian_seed1,1,native,CD8T,B,12
scANVI_log2_cellmedian,scanvi_log2_cellmedian_seed1,1,native,CD8T,monocyte,6
scANVI_log2_cellmedian,scanvi_log2_cellmedian_seed1,1,native,CD8T,DC,0
scANVI_log2_cellmedian,scanvi_log2_cellmedian_seed1,1,native,CD8T,other,136
scANVI_log2_cellmedian,scanvi_log2_cellmedian_seed1,1,native,NK,CD4T,0
scANVI_log2_cellmedian,scanvi_log2_cellmedian_seed1,1,native,NK,CD8T,62
scANVI_log2_cellmedian,scanvi_log2_cellmedian_seed1,1,native,NK,NK,0
scANVI_log2_cellmedian,scanvi_log2_cellmedian_seed1,1,native,NK,B,0
scANVI_log2_cellmedian,scanvi_log2_cellmedian_seed1,1,native,NK,monocyte,0
scANVI_log2_cellmedian,scanvi_log2_cellmedian_seed1,1,native,NK,DC,0
scANVI_log2_cellmedian,scanvi_log2_cellmedian_seed1,1,native,NK,other,88
scANVI_log2_cellmedian,scanvi_log2_cellmedian_seed1,1,native,B,CD4T,0
scANVI_log2_cellmedian,scanvi_log2_cellmedian_seed1,1,native,B,CD8T,4
scANVI_log2_cellmedian,scanvi_log2_cellmedian_seed1,1,native,B,NK,0
scANVI_log2_cellmedian,scanvi_log2_cellmedian_seed1,1,native,B,B,10
scANVI_log2_cellmedian,scanvi_log2_cellmedian_seed1,1,native,B,monocyte,0
scANVI_log2_cellmedian,scanvi_log2_cellmedian_seed1,1,native,B,DC,0
scANVI_log2_cellmedian,scanvi_log2_cellmedian_seed1,1,native,B,other,88
scANVI_log2_cellmedian,scanvi_log2_cellmedian_seed1,1,native,monocyte,CD4T,0
scANVI_log2_cellmedian,scanvi_log2_cellmedian_seed1,1,native,monocyte,CD8T,0
scANVI_log2_cellmedian,scanvi_log2_cellmedian_seed1,1,native,monocyte,NK,0
scANVI_log2_cellmedian,scanvi_log2_cellmedian_seed1,1,native,monocyte,B,0
scANVI_log2_cellmedian,scanvi_log2_cellmedian_seed1,1,native,monocyte,monocyte,386
scANVI_log2_cellmedian,scanvi_log2_cellmedian_seed1,1,native,monocyte,DC,0
scANVI_log2_cellmedian,scanvi_log2_cellmedian_seed1,1,native,monocyte,other,70
scANVI_log2_cellmedian,scanvi_log2_cellmedian_seed1,1,native,DC,CD4T,0
scANVI_log2_cellmedian,scanvi_log2_cellmedian_seed1,1,native,DC,CD8T,0
scANVI_log2_cellmedian,scanvi_log2_cellmedian_seed1,1,native,DC,NK,0
scANVI_log2_cellmedian,scanvi_log2_cellmedian_seed1,1,native,DC,B,12
scANVI_log2_cellmedian,scanvi_log2_cellmedian_seed1,1,native,DC,monocyte,21
scANVI_log2_cellmedian,scanvi_log2_cellmedian_seed1,1,native,DC,DC,0
scANVI_log2_cellmedian,scanvi_log2_cellmedian_seed1,1,native,DC,other,21
scANVI_log2_cellmedian,scanvi_log2_cellmedian_seed1,1,shared_knn,CD4T,CD4T,40
scANVI_log2_cellmedian,scanvi_log2_cellmedian_seed1,1,shared_knn,CD4T,CD8T,19
scANVI_log2_cellmedian,scanvi_log2_cellmedian_seed1,1,shared_knn,CD4T,NK,33
scANVI_log2_cellmedian,scanvi_log2_cellmedian_seed1,1,shared_knn,CD4T,B,69
scANVI_log2_cellmedian,scanvi_log2_cellmedian_seed1,1,shared_knn,CD4T,monocyte,3
scANVI_log2_cellmedian,scanvi_log2_cellmedian_seed1,1,shared_knn,CD4T,DC,0
scANVI_log2_cellmedian,scanvi_log2_cellmedian_seed1,1,shared_knn,CD4T,other,144
scANVI_log2_cellmedian,scanvi_log2_cellmedian_seed1,1,shared_knn,CD8T,CD4T,6
scANVI_log2_cellmedian,scanvi_log2_cellmedian_seed1,1,shared_knn,CD8T,CD8T,18
scANVI_log2_cellmedian,scanvi_log2_cellmedian_seed1,1,shared_knn,CD8T,NK,29
scANVI_log2_cellmedian,scanvi_log2_cellmedian_seed1,1,shared_knn,CD8T,B,20
scANVI_log2_cellmedian,scanvi_log2_cellmedian_seed1,1,shared_knn,CD8T,monocyte,3
scANVI_log2_cellmedian,scanvi_log2_cellmedian_seed1,1,shared_knn,CD8T,DC,0
scANVI_log2_cellmedian,scanvi_log2_cellmedian_seed1,1,shared_knn,CD8T,other,105
scANVI_log2_cellmedian,scanvi_log2_cellmedian_seed1,1,shared_knn,NK,CD4T,0
scANVI_log2_cellmedian,scanvi_log2_cellmedian_seed1,1,shared_knn,NK,CD8T,54
scANVI_log2_cellmedian,scanvi_log2_cellmedian_seed1,1,shared_knn,NK,NK,14
scANVI_log2_cellmedian,scanvi_log2_cellmedian_seed1,1,shared_knn,NK,B,1
scANVI_log2_cellmedian,scanvi_log2_cellmedian_seed1,1,shared_knn,NK,monocyte,0
scANVI_log2_cellmedian,scanvi_log2_cellmedian_seed1,1,shared_knn,NK,DC,0
scANVI_log2_cellmedian,scanvi_log2_cellmedian_seed1,1,shared_knn,NK,other,81
scANVI_log2_cellmedian,scanvi_log2_cellmedian_seed1,1,shared_knn,B,CD4T,1
scANVI_log2_cellmedian,scanvi_log2_cellmedian_seed1,1,shared_knn,B,CD8T,3
scANVI_log2_cellmedian,scanvi_log2_cellmedian_seed1,1,shared_knn,B,NK,4
scANVI_log2_cellmedian,scanvi_log2_cellmedian_seed1,1,shared_knn,B,B,34
scANVI_log2_cellmedian,scanvi_log2_cellmedian_seed1,1,shared_knn,B,monocyte,0
scANVI_log2_cellmedian,scanvi_log2_cellmedian_seed1,1,shared_knn,B,DC,0
scANVI_log2_cellmedian,scanvi_log2_cellmedian_seed1,1,shared_knn,B,other,60
scANVI_log2_cellmedian,scanvi_log2_cellmedian_seed1,1,shared_knn,monocyte,CD4T,0
scANVI_log2_cellmedian,scanvi_log2_cellmedian_seed1,1,shared_knn,monocyte,CD8T,0
scANVI_log2_cellmedian,scanvi_log2_cellmedian_seed1,1,shared_knn,monocyte,NK,0
scANVI_log2_cellmedian,scanvi_log2_cellmedian_seed1,1,shared_knn,monocyte,B,0
scANVI_log2_cellmedian,scanvi_log2_cellmedian_seed1,1,shared_knn,monocyte,monocyte,316
scANVI_log2_cellmedian,scanvi_log2_cellmedian_seed1,1,shared_knn,monocyte,DC,0
scANVI_log2_cellmedian,scanvi_log2_cellmedian_seed1,1,shared_knn,monocyte,other,140
scANVI_log2_cellmedian,scanvi_log2_cellmedian_seed1,1,shared_knn,DC,CD4T,0
scANVI_log2_cellmedian,scanvi_log2_cellmedian_seed1,1,shared_knn,DC,CD8T,0
scANVI_log2_cellmedian,scanvi_log2_cellmedian_seed1,1,shared_knn,DC,NK,0
scANVI_log2_cellmedian,scanvi_log2_cellmedian_seed1,1,shared_knn,DC,B,13
scANVI_log2_cellmedian,scanvi_log2_cellmedian_seed1,1,shared_knn,DC,monocyte,21
scANVI_log2_cellmedian,scanvi_log2_cellmedian_seed1,1,shared_knn,DC,DC,0
scANVI_log2_cellmedian,scanvi_log2_cellmedian_seed1,1,shared_knn,DC,other,20
scANVI_log2_cellmedian,scanvi_log2_cellmedian_seed2,2,native,CD4T,CD4T,0
scANVI_log2_cellmedian,scanvi_log2_cellmedian_seed2,2,native,CD4T,CD8T,217
scANVI_log2_cellmedian,scanvi_log2_cellmedian_seed2,2,native,CD4T,NK,1
scANVI_log2_cellmedian,scanvi_log2_cellmedian_seed2,2,native,CD4T,B,0
scANVI_log2_cellmedian,scanvi_log2_cellmedian_seed2,2,native,CD4T,monocyte,1
scANVI_log2_cellmedian,scanvi_log2_cellmedian_seed2,2,native,CD4T,DC,0
scANVI_log2_cellmedian,scanvi_log2_cellmedian_seed2,2,native,CD4T,other,89
scANVI_log2_cellmedian,scanvi_log2_cellmedian_seed2,2,native,CD8T,CD4T,0
scANVI_log2_cellmedian,scanvi_log2_cellmedian_seed2,2,native,CD8T,CD8T,113
scANVI_log2_cellmedian,scanvi_log2_cellmedian_seed2,2,native,CD8T,NK,0
scANVI_log2_cellmedian,scanvi_log2_cellmedian_seed2,2,native,CD8T,B,0
scANVI_log2_cellmedian,scanvi_log2_cellmedian_seed2,2,native,CD8T,monocyte,14
scANVI_log2_cellmedian,scanvi_log2_cellmedian_seed2,2,native,CD8T,DC,0
scANVI_log2_cellmedian,scanvi_log2_cellmedian_seed2,2,native,CD8T,other,54
scANVI_log2_cellmedian,scanvi_log2_cellmedian_seed2,2,native,NK,CD4T,0
scANVI_log2_cellmedian,scanvi_log2_cellmedian_seed2,2,native,NK,CD8T,68
scANVI_log2_cellmedian,scanvi_log2_cellmedian_seed2,2,native,NK,NK,0
scANVI_log2_cellmedian,scanvi_log2_cellmedian_seed2,2,native,NK,B,0
scANVI_log2_cellmedian,scanvi_log2_cellmedian_seed2,2,native,NK,monocyte,5
scANVI_log2_cellmedian,scanvi_log2_cellmedian_seed2,2,native,NK,DC,0
scANVI_log2_cellmedian,scanvi_log2_cellmedian_seed2,2,native,NK,other,77
scANVI_log2_cellmedian,scanvi_log2_cellmedian_seed2,2,native,B,CD4T,0
scANVI_log2_cellmedian,scanvi_log2_cellmedian_seed2,2,native,B,CD8T,48
scANVI_log2_cellmedian,scanvi_log2_cellmedian_seed2,2,native,B,NK,0
scANVI_log2_cellmedian,scanvi_log2_cellmedian_seed2,2,native,B,B,0
scANVI_log2_cellmedian,scanvi_log2_cellmedian_seed2,2,native,B,monocyte,3
scANVI_log2_cellmedian,scanvi_log2_cellmedian_seed2,2,native,B,DC,0
scANVI_log2_cellmedian,scanvi_log2_cellmedian_seed2,2,native,B,other,51
scANVI_log2_cellmedian,scanvi_log2_cellmedian_seed2,2,native,monocyte,CD4T,0
scANVI_log2_cellmedian,scanvi_log2_cellmedian_seed2,2,native,monocyte,CD8T,1
scANVI_log2_cellmedian,scanvi_log2_cellmedian_seed2,2,native,monocyte,NK,0
scANVI_log2_cellmedian,scanvi_log2_cellmedian_seed2,2,native,monocyte,B,0
scANVI_log2_cellmedian,scanvi_log2_cellmedian_seed2,2,native,monocyte,monocyte,424
scANVI_log2_cellmedian,scanvi_log2_cellmedian_seed2,2,native,monocyte,DC,0
scANVI_log2_cellmedian,scanvi_log2_cellmedian_seed2,2,native,monocyte,other,31
scANVI_log2_cellmedian,scanvi_log2_cellmedian_seed2,2,native,DC,CD4T,0
scANVI_log2_cellmedian,scanvi_log2_cellmedian_seed2,2,native,DC,CD8T,3
scANVI_log2_cellmedian,scanvi_log2_cellmedian_seed2,2,native,DC,NK,0
scANVI_log2_cellmedian,scanvi_log2_cellmedian_seed2,2,native,DC,B,1
scANVI_log2_cellmedian,scanvi_log2_cellmedian_seed2,2,native,DC,monocyte,42
scANVI_log2_cellmedian,scanvi_log2_cellmedian_seed2,2,native,DC,DC,0
scANVI_log2_cellmedian,scanvi_log2_cellmedian_seed2,2,native,DC,other,8
scANVI_log2_cellmedian,scanvi_log2_cellmedian_seed2,2,shared_knn,CD4T,CD4T,12
scANVI_log2_cellmedian,scanvi_log2_cellmedian_seed2,2,shared_knn,CD4T,CD8T,141
scANVI_log2_cellmedian,scanvi_log2_cellmedian_seed2,2,shared_knn,CD4T,NK,14
scANVI_log2_cellmedian,scanvi_log2_cellmedian_seed2,2,shared_knn,CD4T,B,0
scANVI_log2_cellmedian,scanvi_log2_cellmedian_seed2,2,shared_knn,CD4T,monocyte,0
scANVI_log2_cellmedian,scanvi_log2_cellmedian_seed2,2,shared_knn,CD4T,DC,0
scANVI_log2_cellmedian,scanvi_log2_cellmedian_seed2,2,shared_knn,CD4T,other,141
scANVI_log2_cellmedian,scanvi_log2_cellmedian_seed2,2,shared_knn,CD8T,CD4T,6
scANVI_log2_cellmedian,scanvi_log2_cellmedian_seed2,2,shared_knn,CD8T,CD8T,77
scANVI_log2_cellmedian,scanvi_log2_cellmedian_seed2,2,shared_knn,CD8T,NK,5
scANVI_log2_cellmedian,scanvi_log2_cellmedian_seed2,2,shared_knn,CD8T,B,0
scANVI_log2_cellmedian,scanvi_log2_cellmedian_seed2,2,shared_knn,CD8T,monocyte,2
scANVI_log2_cellmedian,scanvi_log2_cellmedian_seed2,2,shared_knn,CD8T,DC,0
scANVI_log2_cellmedian,scanvi_log2_cellmedian_seed2,2,shared_knn,CD8T,other,91
scANVI_log2_cellmedian,scanvi_log2_cellmedian_seed2,2,shared_knn,NK,CD4T,1
scANVI_log2_cellmedian,scanvi_log2_cellmedian_seed2,2,shared_knn,NK,CD8T,36
scANVI_log2_cellmedian,scanvi_log2_cellmedian_seed2,2,shared_knn,NK,NK,2
scANVI_log2_cellmedian,scanvi_log2_cellmedian_seed2,2,shared_knn,NK,B,0
scANVI_log2_cellmedian,scanvi_log2_cellmedian_seed2,2,shared_knn,NK,monocyte,0
scANVI_log2_cellmedian,scanvi_log2_cellmedian_seed2,2,shared_knn,NK,DC,0
scANVI_log2_cellmedian,scanvi_log2_cellmedian_seed2,2,shared_knn,NK,other,111
scANVI_log2_cellmedian,scanvi_log2_cellmedian_seed2,2,shared_knn,B,CD4T,7
scANVI_log2_cellmedian,scanvi_log2_cellmedian_seed2,2,shared_knn,B,CD8T,24
scANVI_log2_cellmedian,scanvi_log2_cellmedian_seed2,2,shared_knn,B,NK,7
scANVI_log2_cellmedian,scanvi_log2_cellmedian_seed2,2,shared_knn,B,B,0
scANVI_log2_cellmedian,scanvi_log2_cellmedian_seed2,2,shared_knn,B,monocyte,0
scANVI_log2_cellmedian,scanvi_log2_cellmedian_seed2,2,shared_knn,B,DC,0
scANVI_log2_cellmedian,scanvi_log2_cellmedian_seed2,2,shared_knn,B,other,64
scANVI_log2_cellmedian,scanvi_log2_cellmedian_seed2,2,shared_knn,monocyte,CD4T,0
scANVI_log2_cellmedian,scanvi_log2_cellmedian_seed2,2,shared_knn,monocyte,CD8T,1
scANVI_log2_cellmedian,scanvi_log2_cellmedian_seed2,2,shared_knn,monocyte,NK,0
scANVI_log2_cellmedian,scanvi_log2_cellmedian_seed2,2,shared_knn,monocyte,B,0
scANVI_log2_cellmedian,scanvi_log2_cellmedian_seed2,2,shared_knn,monocyte,monocyte,398
scANVI_log2_cellmedian,scanvi_log2_cellmedian_seed2,2,shared_knn,monocyte,DC,0
scANVI_log2_cellmedian,scanvi_log2_cellmedian_seed2,2,shared_knn,monocyte,other,57
scANVI_log2_cellmedian,scanvi_log2_cellmedian_seed2,2,shared_knn,DC,CD4T,2
scANVI_log2_cellmedian,scanvi_log2_cellmedian_seed2,2,shared_knn,DC,CD8T,2
scANVI_log2_cellmedian,scanvi_log2_cellmedian_seed2,2,shared_knn,DC,NK,0
scANVI_log2_cellmedian,scanvi_log2_cellmedian_seed2,2,shared_knn,DC,B,2
scANVI_log2_cellmedian,scanvi_log2_cellmedian_seed2,2,shared_knn,DC,monocyte,36
scANVI_log2_cellmedian,scanvi_log2_cellmedian_seed2,2,shared_knn,DC,DC,0
scANVI_log2_cellmedian,scanvi_log2_cellmedian_seed2,2,shared_knn,DC,other,12
