family,rule,metric,mean,std,min,max,count
V2,nearest_centroid,balanced_accuracy_pct,57.3206,2.1996,54.7564,59.1667,5
V2,nearest_centroid,recall_CD4T_pct,73.4416,2.2187,70.4545,76.2987,5
V2,nearest_centroid,recall_CD8T_pct,24.6409,2.8602,20.4420,28.1768,5
V2,nearest_centroid,recall_NK_pct,59.7333,11.5432,46.0000,70.0000,5
V2,nearest_centroid,recall_B_pct,96.0784,1.8341,94.1176,98.0392,5
V2,nearest_centroid,recall_monocyte_pct,81.1404,3.9045,77.4123,87.0614,5
V2,nearest_centroid,recall_DC_pct,8.8889,4.4212,3.7037,14.8148,5
V2,nearest_centroid,lymphoid_recall_pct,98.4615,0.5192,97.8408,98.9204,5
V2,nearest_centroid,myeloid_recall_pct,93.0980,3.2290,88.4314,95.4902,5
V2,shared_knn,balanced_accuracy_pct,55.4746,2.6364,51.8083,58.1340,5
V2,shared_knn,recall_CD4T_pct,60.6494,7.5182,52.9221,71.7532,5
V2,shared_knn,recall_CD8T_pct,40.7735,11.3522,23.2044,50.8287,5
V2,shared_knn,recall_NK_pct,45.3333,15.8254,23.3333,60.0000,5
V2,shared_knn,recall_B_pct,90.7843,2.6489,88.2353,94.1176,5
V2,shared_knn,recall_monocyte_pct,95.3070,1.4430,93.2018,96.9298,5
V2,shared_knn,recall_DC_pct,0.0000,0.0000,0.0000,0.0000,5
V2,shared_knn,lymphoid_recall_pct,97.4089,0.6908,96.6262,98.2456,5
V2,shared_knn,myeloid_recall_pct,94.5098,2.1658,91.9608,96.4706,5
scANVI_log2,native,balanced_accuracy_pct,18.9782,11.3835,9.7968,31.7151,3
scANVI_log2,native,recall_CD4T_pct,0.9740,1.6871,0.0000,2.9221,3
scANVI_log2,native,recall_CD8T_pct,11.6022,18.2153,0.0000,32.5967,3
scANVI_log2,native,recall_NK_pct,0.2222,0.3849,0.0000,0.6667,3
scANVI_log2,native,recall_B_pct,31.6993,54.9049,0.0000,95.0980,3
scANVI_log2,native,recall_monocyte_pct,69.3713,20.4552,57.0175,92.9825,3
scANVI_log2,native,recall_DC_pct,0.0000,0.0000,0.0000,0.0000,3
scANVI_log2,native,lymphoid_recall_pct,38.2366,35.7521,0.5398,71.6599,3
scANVI_log2,native,myeloid_recall_pct,98.3007,2.1149,95.8824,99.8039,3
scANVI_log2,shared_knn,balanced_accuracy_pct,21.3637,2.2098,20.0081,23.9137,3
scANVI_log2,shared_knn,recall_CD4T_pct,42.9654,14.4812,32.1429,59.4156,3
scANVI_log2,shared_knn,recall_CD8T_pct,3.8674,2.5318,1.6575,6.6298,3
scANVI_log2,shared_knn,recall_NK_pct,9.3333,7.0238,2.0000,16.0000,3
scANVI_log2,shared_knn,recall_B_pct,9.1503,7.6152,2.9412,17.6471,3
scANVI_log2,shared_knn,recall_monocyte_pct,62.8655,29.1199,31.1404,88.3772,3
scANVI_log2,shared_knn,recall_DC_pct,0.0000,0.0000,0.0000,0.0000,3
scANVI_log2,shared_knn,lymphoid_recall_pct,36.7072,8.9079,30.9042,46.9636,3
scANVI_log2,shared_knn,myeloid_recall_pct,95.2288,5.4844,89.0196,99.4118,3
scANVI_log2_cellmedian,native,balanced_accuracy_pct,17.1620,9.2972,7.3933,25.9022,3
scANVI_log2_cellmedian,native,recall_CD4T_pct,0.1082,0.1875,0.0000,0.3247,3
scANVI_log2_cellmedian,native,recall_CD8T_pct,25.5985,32.6964,0.0000,62.4309,3
scANVI_log2_cellmedian,native,recall_NK_pct,1.5556,2.6943,0.0000,4.6667,3
scANVI_log2_cellmedian,native,recall_B_pct,3.2680,5.6603,0.0000,9.8039,3
scANVI_log2_cellmedian,native,recall_monocyte_pct,72.4415,28.6655,39.6930,92.9825,3
scANVI_log2_cellmedian,native,recall_DC_pct,0.0000,0.0000,0.0000,0.0000,3
scANVI_log2_cellmedian,native,lymphoid_recall_pct,32.3887,29.5318,1.4845,60.3239,3
scANVI_log2_cellmedian,native,myeloid_recall_pct,98.8235,1.0917,97.6471,99.8039,3
scANVI_log2_cellmedian,shared_knn,balanced_accuracy_pct,17.8454,8.0546,8.5447,22.5086,3
scANVI_log2_cellmedian,shared_knn,recall_CD4T_pct,7.5758,4.7864,3.8961,12.9870,3
scANVI_log2_cellmedian,shared_knn,recall_CD8T_pct,18.4162,21.1994,2.7624,42.5414,3
scANVI_log2_cellmedian,shared_knn,recall_NK_pct,5.5556,4.0185,1.3333,9.3333,3
scANVI_log2_cellmedian,shared_knn,recall_B_pct,14.7059,17.0092,0.0000,33.3333,3
scANVI_log2_cellmedian,shared_knn,recall_monocyte_pct,60.8187,31.5678,25.8772,87.2807,3
scANVI_log2_cellmedian,shared_knn,recall_DC_pct,0.0000,0.0000,0.0000,0.0000,3
scANVI_log2_cellmedian,shared_knn,lymphoid_recall_pct,36.0324,16.7358,16.7341,46.5587,3
scANVI_log2_cellmedian,shared_knn,myeloid_recall_pct,93.3987,6.1205,86.6667,98.6275,3
v3,nearest_centroid,balanced_accuracy_pct,42.3392,3.4246,39.9100,47.5923,5
v3,nearest_centroid,recall_CD4T_pct,23.5714,14.8565,12.9870,49.0260,5
v3,nearest_centroid,recall_CD8T_pct,64.0884,8.5144,55.8011,77.9006,5
v3,nearest_centroid,recall_NK_pct,39.3333,16.9181,21.3333,57.3333,5
v3,nearest_centroid,recall_B_pct,36.6667,11.4038,26.4706,52.9412,5
v3,nearest_centroid,recall_monocyte_pct,84.0789,11.8792,65.5702,96.4912,5
v3,nearest_centroid,recall_DC_pct,6.2963,5.6474,0.0000,12.9630,5
v3,nearest_centroid,lymphoid_recall_pct,78.2726,3.9438,72.3347,82.3212,5
v3,nearest_centroid,myeloid_recall_pct,98.9412,0.3281,98.4314,99.2157,5
v3,shared_knn,balanced_accuracy_pct,42.0466,2.9259,39.4686,46.8169,5
v3,shared_knn,recall_CD4T_pct,22.6623,14.4861,12.0130,47.4026,5
v3,shared_knn,recall_CD8T_pct,63.3149,7.8289,57.4586,76.2431,5
v3,shared_knn,recall_NK_pct,38.2667,12.8634,22.6667,51.3333,5
v3,shared_knn,recall_B_pct,34.9020,13.8232,23.5294,55.8824,5
v3,shared_knn,recall_monocyte_pct,92.7632,4.8121,84.6491,97.1491,5
v3,shared_knn,recall_DC_pct,0.3704,0.8282,0.0000,1.8519,5
v3,shared_knn,lymphoid_recall_pct,78.2996,3.5697,73.1444,82.1862,5
v3,shared_knn,myeloid_recall_pct,98.7451,0.4922,98.0392,99.2157,5
