family,model,seed,rule,n_scored,balanced_accuracy_pct,recall_CD4T_pct,recall_CD8T_pct,recall_NK_pct,recall_B_pct,recall_monocyte_pct,recall_DC_pct,lymphoid_recall_pct,myeloid_recall_pct
v3,v3_seed0,0,nearest_centroid,1251,44.0725,17.5325,64.0884,54.0000,31.3725,91.8860,5.5556,79.0823,99.0196
v3,v3_seed0,0,shared_knn,1251,41.8207,13.3117,65.1934,51.3333,26.4706,92.7632,1.8519,78.6775,99.0196
v3,v3_seed1,1,nearest_centroid,1251,39.9444,14.2857,77.9006,22.6667,26.4706,96.4912,1.8519,82.3212,99.2157
v3,v3_seed1,1,shared_knn,1251,39.8682,12.0130,76.2431,27.3333,26.4706,97.1491,0.0000,82.1862,99.2157
v3,v3_seed2,2,nearest_centroid,1251,39.9100,49.0260,55.8011,21.3333,28.4314,84.8684,0.0000,76.6532,99.2157
v3,v3_seed2,2,shared_knn,1251,39.4686,47.4026,58.5635,22.6667,23.5294,84.6491,0.0000,76.6532,99.0196
v3,v3_seed3,3,nearest_centroid,1251,40.1766,12.9870,64.0884,41.3333,44.1176,65.5702,12.9630,80.9717,98.8235
v3,v3_seed3,3,shared_knn,1251,42.2585,17.5325,59.1160,40.6667,42.1569,94.0789,0.0000,80.8367,98.4314
v3,v3_seed4,4,nearest_centroid,1251,47.5923,24.0260,58.5635,57.3333,52.9412,81.5789,11.1111,72.3347,98.4314
v3,v3_seed4,4,shared_knn,1251,46.8169,23.0519,57.4586,49.3333,55.8824,95.1754,0.0000,73.1444,98.0392
V2,V2_seed0,0,nearest_centroid,1251,58.4489,76.2987,20.4420,64.6667,97.0588,77.4123,14.8148,98.6505,95.4902
V2,V2_seed0,0,shared_knn,1251,56.5947,71.7532,23.2044,60.0000,89.2157,95.3947,0.0000,96.8961,96.4706
V2,V2_seed1,1,nearest_centroid,1251,55.1138,73.3766,23.7569,48.6667,94.1176,87.0614,3.7037,98.9204,88.4314
V2,V2_seed1,1,shared_knn,1251,53.6818,55.5195,48.6188,34.0000,89.2157,94.7368,0.0000,97.9757,92.3529
V2,V2_seed2,2,nearest_centroid,1251,54.7564,72.4026,25.9669,46.0000,97.0588,77.8509,9.2593,97.9757,90.9804
V2,V2_seed2,2,shared_knn,1251,51.8083,64.2857,35.9116,23.3333,94.1176,93.2018,0.0000,97.3009,91.9608
V2,V2_seed3,3,nearest_centroid,1251,59.1667,70.4545,28.1768,70.0000,94.1176,81.1404,11.1111,97.8408,95.4902
V2,V2_seed3,3,shared_knn,1251,57.1541,52.9221,50.8287,54.6667,88.2353,96.2719,0.0000,96.6262,95.8824
V2,V2_seed4,4,nearest_centroid,1251,59.1170,74.6753,24.8619,69.3333,98.0392,82.2368,5.5556,98.9204,95.0980
V2,V2_seed4,4,shared_knn,1251,58.1340,58.7662,45.3039,54.6667,93.1373,96.9298,0.0000,98.2456,95.8824
scANVI_log2,scanvi_log2_seed0,0,native,1251,9.7968,0.0000,0.0000,0.6667,0.0000,58.1140,0.0000,0.5398,99.8039
scANVI_log2,scanvi_log2_seed0,0,shared_knn,1251,20.1692,37.3377,1.6575,10.0000,2.9412,69.0789,0.0000,30.9042,89.0196
scANVI_log2,scanvi_log2_seed1,1,native,1251,15.4227,2.9221,32.5967,0.0000,0.0000,57.0175,0.0000,42.5101,99.2157
scANVI_log2,scanvi_log2_seed1,1,shared_knn,1251,20.0081,59.4156,6.6298,16.0000,6.8627,31.1404,0.0000,46.9636,99.4118
scANVI_log2,scanvi_log2_seed2,2,native,1251,31.7151,0.0000,2.2099,0.0000,95.0980,92.9825,0.0000,71.6599,95.8824
scANVI_log2,scanvi_log2_seed2,2,shared_knn,1251,23.9137,32.1429,3.3149,2.0000,17.6471,88.3772,0.0000,32.2537,97.2549
scANVI_log2_cellmedian,scanvi_log2_cellmedian_seed0,0,native,1251,7.3933,0.0000,0.0000,4.6667,0.0000,39.6930,0.0000,1.4845,99.8039
scANVI_log2_cellmedian,scanvi_log2_cellmedian_seed0,0,shared_knn,1251,8.5447,5.8442,2.7624,6.0000,10.7843,25.8772,0.0000,16.7341,86.6667
scANVI_log2_cellmedian,scanvi_log2_cellmedian_seed1,1,native,1251,18.1904,0.3247,14.3646,0.0000,9.8039,84.6491,0.0000,35.3576,97.6471
scANVI_log2_cellmedian,scanvi_log2_cellmedian_seed1,1,shared_knn,1251,22.4828,12.9870,9.9448,9.3333,33.3333,69.2982,0.0000,46.5587,94.9020
scANVI_log2_cellmedian,scanvi_log2_cellmedian_seed2,2,native,1251,25.9022,0.0000,62.4309,0.0000,0.0000,92.9825,0.0000,60.3239,99.0196
scANVI_log2_cellmedian,scanvi_log2_cellmedian_seed2,2,shared_knn,1251,22.5086,3.8961,42.5414,1.3333,0.0000,87.2807,0.0000,44.8043,98.6275
scANVI_log2_measuredgenes,scanvi_log2_measuredgenes_seed0,0,native,1251,37.8775,50.0000,39.2265,21.3333,27.4510,89.2544,0.0000,77.0580,99.0196
scANVI_log2_measuredgenes,scanvi_log2_measuredgenes_seed0,0,shared_knn,1251,46.8722,56.1688,24.8619,36.0000,74.5098,89.6930,0.0000,81.6464,94.3137
scANVI_log2_measuredgenes,scanvi_log2_measuredgenes_seed1,1,native,1251,39.6473,37.3377,36.4641,32.0000,40.1961,91.8860,0.0000,69.5007,99.0196
scANVI_log2_measuredgenes,scanvi_log2_measuredgenes_seed1,1,shared_knn,1251,48.0438,47.4026,24.3094,52.0000,71.5686,92.9825,0.0000,76.3833,94.1176
scANVI_log2_measuredgenes,scanvi_log2_measuredgenes_seed2,2,native,1251,35.4311,19.8052,43.0939,4.6667,56.8627,88.1579,0.0000,68.2861,98.2353
scANVI_log2_measuredgenes,scanvi_log2_measuredgenes_seed2,2,shared_knn,1251,48.5626,41.2338,38.6740,50.0000,73.5294,87.9386,0.0000,87.1795,93.5294
