family,model,seed,rule,pred_CD4T_pct,pred_CD8T_pct,pred_NK_pct,pred_B_pct,pred_monocyte_pct,pred_DC_pct,pred_other_pct,pred_class::b cell,pred_class::basophil,"pred_class::cd4-positive, alpha-beta t cell","pred_class::cd8-positive, alpha-beta t cell",pred_class::classical monocyte,pred_class::common myeloid progenitor,pred_class::erythrocyte,pred_class::hematopoietic precursor cell,pred_class::hematopoietic stem cell,pred_class::intermediate monocyte,pred_class::macrophage,pred_class::mature nk t cell,pred_class::monocyte,pred_class::myeloid dendritic cell,"pred_class::naive thymus-derived cd4-positive, alpha-beta t cell",pred_class::natural killer cell,pred_class::neutrophil,pred_class::non-classical monocyte,pred_class::plasma cell,pred_class::plasmacytoid dendritic cell,pred_class::platelet,pred_class::regulatory t cell
v3,v3_seed0,0,nearest_centroid,5.2758,25.4197,12.4700,3.4373,38.4492,1.1990,13.7490,3.1974,0.3997,0.2398,25.4197,1.6787,0.0000,0.0000,0.0000,0.0000,0.0000,8.1535,0.6395,36.7706,1.1191,0.1599,12.4700,4.5564,0.0000,0.2398,0.0799,0.0000,4.8761
v3,v3_seed0,0,shared_knn,4.3165,27.3381,11.8305,3.0376,39.1687,0.0799,14.2286,2.7978,0.0799,4.3165,27.3381,2.1583,0.0000,0.0000,0.0000,0.0000,0.0799,9.0328,0.4796,36.9305,0.0000,0.0000,11.8305,4.6363,0.0000,0.2398,0.0799,0.0000,0.0000
v3,v3_seed1,1,nearest_centroid,4.6363,35.5715,5.9153,2.8777,39.2486,0.1599,11.5907,2.2382,0.5596,1.1191,35.5715,4.0767,0.0000,0.0000,0.0000,0.0000,0.0000,9.5923,0.0799,35.1719,0.1599,0.0000,5.9153,1.3589,0.0000,0.6395,0.0000,0.0000,3.5172
v3,v3_seed1,1,shared_knn,3.8369,34.9321,7.2742,2.8777,39.9680,0.0000,11.1111,2.2382,0.3197,3.8369,34.9321,2.7978,0.0000,0.0000,0.0000,0.0000,0.0000,9.3525,0.0799,37.1703,0.0000,0.0000,7.2742,1.3589,0.0000,0.6395,0.0000,0.0000,0.0000
v3,v3_seed2,2,nearest_centroid,15.5875,21.8225,4.7962,2.5580,36.6107,0.0000,18.6251,2.2382,0.5596,3.7570,21.8225,6.4748,0.0000,0.1599,0.0000,0.0000,0.0000,8.0735,0.9592,30.0560,0.0000,2.2382,4.7962,8.8729,0.0799,0.3197,0.0000,0.0000,9.5923
v3,v3_seed2,2,shared_knn,14.7882,22.3022,6.0751,2.1583,36.5308,0.0000,18.1455,1.8385,0.3997,13.0296,22.3022,8.9528,0.0000,0.1599,0.0000,0.0000,0.0000,8.4732,0.4796,27.4980,0.0000,1.7586,6.0751,8.6331,0.0799,0.3197,0.0000,0.0000,0.0000
v3,v3_seed3,3,nearest_centroid,4.0767,27.0983,11.1910,5.8353,28.1375,9.9920,13.6691,4.9560,0.3197,2.2382,27.0983,3.9169,0.0000,0.0000,0.0000,0.0000,0.0000,9.3525,0.2398,23.4213,9.9920,0.6395,11.1910,3.7570,0.7994,0.8793,0.0000,0.0000,1.1990
v3,v3_seed3,3,shared_knn,5.2758,26.0592,11.8305,5.1958,39.0088,0.0000,12.6299,4.4764,0.2398,4.9560,26.0592,8.9528,0.0000,0.0000,0.0000,0.0000,0.0000,9.8321,0.1599,29.2566,0.0000,0.3197,11.8305,2.3981,0.7994,0.7194,0.0000,0.0000,0.0000
v3,v3_seed4,4,nearest_centroid,7.4341,17.7458,10.6315,7.1143,33.8929,5.2758,17.9057,6.3949,0.6395,0.7994,17.7458,1.6787,0.0799,0.0000,0.0000,0.0000,0.0000,12.7898,0.5596,31.6547,5.1159,0.0799,10.6315,3.8369,0.5596,0.7194,0.1599,0.0000,6.5548
v3,v3_seed4,4,shared_knn,7.5939,19.2646,8.6331,7.5939,40.1279,0.0000,16.7866,6.8745,0.3197,7.3541,19.2646,3.9968,0.0000,0.0000,0.0799,0.0799,0.0000,11.9904,0.9592,35.5715,0.0000,0.2398,8.6331,3.3573,0.5596,0.7194,0.0000,0.0000,0.0000
V2,V2_seed0,0,nearest_centroid,29.0967,6.5548,8.4732,13.8289,30.4556,7.0344,4.5564,11.3509,0.0000,14.0687,6.5548,0.1599,0.0000,0.0000,0.0000,0.0000,0.0000,2.1583,1.9185,28.4572,7.0344,14.2286,8.4732,0.0799,1.8385,2.4780,0.0000,0.3997,0.7994
V2,V2_seed0,0,shared_knn,27.6579,9.2726,7.9936,12.9496,37.8098,0.0000,4.3165,10.7114,0.0000,24.5404,9.2726,3.4373,0.0000,0.0000,0.0000,0.0000,0.0000,2.5580,0.7194,33.3333,0.0000,3.0376,7.9936,0.7194,1.0392,2.2382,0.0000,0.3197,0.0799
V2,V2_seed1,1,nearest_centroid,27.0983,9.5124,6.3949,17.7458,33.9728,2.2382,3.0376,10.8713,0.0799,16.5468,9.5124,0.0000,0.0000,0.0000,0.0000,0.0000,0.0000,0.3197,2.3981,33.2534,2.2382,10.5516,6.3949,0.0000,0.7194,6.8745,0.0000,0.2398,0.0000
V2,V2_seed1,1,shared_knn,19.6643,20.3837,4.5564,15.5875,37.4900,0.0000,2.3181,10.4716,0.0000,17.6659,20.3837,0.0799,0.0000,0.0000,0.0000,0.0000,0.0000,0.7194,0.9592,36.9305,0.0000,1.9984,4.5564,0.6395,0.4796,5.1159,0.0000,0.0000,0.0000
V2,V2_seed2,2,nearest_centroid,27.9776,10.3118,6.2350,16.3869,31.5747,6.3149,1.1990,10.9512,0.0000,16.4668,10.3118,0.6395,0.0000,0.0000,0.0000,0.0000,0.1599,0.2398,0.5596,27.6579,6.3149,10.7914,6.2350,0.1599,3.1175,5.4357,0.0000,0.2398,0.7194
V2,V2_seed2,2,shared_knn,24.3805,17.0264,3.1974,15.9073,37.4900,0.0000,1.9984,10.6315,0.0000,23.3413,17.0264,4.5564,0.0000,0.0000,0.0000,0.0000,0.0000,0.6395,0.3197,31.0951,0.0000,0.7194,3.1974,0.9592,1.8385,5.2758,0.0000,0.0799,0.3197
V2,V2_seed3,3,nearest_centroid,26.1391,7.7538,9.5124,14.6283,31.9744,5.5156,4.4764,11.8305,0.0799,4.8761,7.7538,0.0799,0.0000,0.0000,0.0799,0.0000,0.0799,1.8385,1.6787,30.3757,5.5156,21.1831,9.5124,0.6395,1.4388,2.7978,0.0000,0.1599,0.0799
V2,V2_seed3,3,shared_knn,19.0248,18.0655,7.1143,13.9089,38.5292,0.0000,3.3573,11.1111,0.0799,6.8745,18.0655,3.0376,0.0000,0.0000,0.0799,0.0000,0.0000,1.5987,0.7994,34.3725,0.0000,12.1503,7.1143,0.7994,1.1191,2.7978,0.0000,0.0000,0.0000
V2,V2_seed4,4,nearest_centroid,27.7378,7.5939,9.3525,14.6283,32.2942,5.4357,2.9576,11.4309,0.0799,5.3557,7.5939,0.0799,0.0000,0.0000,0.0000,0.0000,0.0799,1.2790,1.1191,31.4149,5.4357,22.3821,9.3525,0.3197,0.7194,3.1974,0.0000,0.1599,0.0000
V2,V2_seed4,4,shared_knn,21.0232,16.8665,7.3541,14.1487,38.6890,0.0000,1.9185,11.1910,0.0799,8.2334,16.8665,2.0783,0.0000,0.0000,0.0000,0.0000,0.0000,0.4796,0.3997,36.2910,0.0000,12.7898,7.3541,0.8793,0.3197,2.9576,0.0000,0.0799,0.0000
scANVI_log2,scanvi_log2_seed0,0,native,0.0000,0.1599,0.1599,0.0799,21.7426,0.0000,77.8577,0.0000,77.2982,0.0000,0.1599,11.9904,0.0000,0.0000,0.0000,0.0000,0.0000,0.0000,0.0000,9.7522,0.0000,0.0000,0.1599,0.5596,0.0000,0.0799,0.0000,0.0000,0.0000
scANVI_log2,scanvi_log2_seed0,0,shared_knn,15.0280,1.6787,1.4388,0.4796,26.8585,0.0000,54.5164,0.2398,0.0799,14.4684,1.6787,3.2774,0.0000,37.4900,0.0000,0.0000,0.0000,0.0000,0.0000,23.5811,0.0000,0.5596,1.4388,16.5468,0.0000,0.2398,0.0000,0.3997,0.0000
scANVI_log2,scanvi_log2_seed1,1,native,0.7194,24.7002,0.0000,0.0799,22.3821,0.0000,52.1183,0.0000,0.0000,0.4796,24.7002,3.8369,0.0000,0.0000,0.0000,0.0000,0.0000,0.0000,0.0000,18.5452,0.0000,0.2398,0.0000,52.1183,0.0000,0.0799,0.0000,0.0000,0.0000
scANVI_log2,scanvi_log2_seed1,1,shared_knn,22.6219,1.6787,3.1175,0.6395,13.0296,0.0000,58.9129,0.6395,0.0000,22.6219,1.6787,2.0783,0.0000,0.4796,0.0000,0.0000,0.0000,0.0000,0.0000,10.9512,0.0000,0.0000,3.1175,58.4333,0.0000,0.0000,0.0000,0.0000,0.0000
scANVI_log2,scanvi_log2_seed2,2,native,0.0000,2.0783,0.0000,42.0464,37.0903,0.0000,18.7850,0.0000,0.0000,0.0000,2.0783,1.9185,0.0000,0.0000,0.0000,0.0000,0.0000,0.0000,0.0000,35.1719,0.0000,0.0000,0.0000,18.7850,0.0000,42.0464,0.0000,0.0000,0.0000
scANVI_log2,scanvi_log2_seed2,2,shared_knn,11.7506,2.3981,2.1583,3.2774,36.9305,0.0000,43.4852,1.4388,0.0000,11.5907,2.3981,2.5580,0.0000,13.1894,0.0000,0.0000,0.0000,0.0000,0.0000,34.3725,0.0000,0.1599,2.1583,29.8961,0.0000,1.8385,0.0000,0.3997,0.0000
scANVI_log2_cellmedian,scanvi_log2_cellmedian_seed0,0,native,0.0000,0.0799,0.7994,0.0799,14.7882,0.0000,84.2526,0.0000,82.4940,0.0000,0.0799,1.1191,0.0000,0.0000,0.0000,0.0000,0.0000,0.0000,0.0000,13.6691,0.0000,0.0000,0.7994,1.7586,0.0000,0.0799,0.0000,0.0000,0.0000
scANVI_log2_cellmedian,scanvi_log2_cellmedian_seed0,0,shared_knn,2.0783,0.9592,3.3573,5.1159,9.9121,0.0000,78.5771,2.9576,0.0000,2.0783,0.9592,2.0783,0.0000,33.8929,0.0000,0.0000,0.0000,0.0000,0.0000,7.7538,0.0000,0.0000,3.3573,44.5244,0.0799,2.1583,0.0000,0.1599,0.0000
scANVI_log2_cellmedian,scanvi_log2_cellmedian_seed1,1,native,0.0799,12.2302,0.3197,9.2726,33.4133,0.0000,44.6843,0.0000,0.0000,0.0799,12.2302,32.3741,0.0000,0.2398,0.0000,0.0000,0.0000,0.1599,0.0000,1.0392,0.0000,0.0000,0.3197,44.2846,0.0000,9.2726,0.0000,0.0000,0.0000
scANVI_log2_cellmedian,scanvi_log2_cellmedian_seed1,1,shared_knn,3.7570,7.5140,6.3949,10.9512,27.4181,0.0000,43.9648,10.3917,0.0000,3.3573,7.5140,22.1423,0.0000,11.5108,0.0000,0.0000,0.3997,0.0799,0.0000,4.7962,0.0000,0.3997,6.3949,32.2942,0.0799,0.5596,0.0000,0.0799,0.0000
scANVI_log2_cellmedian,scanvi_log2_cellmedian_seed2,2,native,0.0000,35.9712,0.0799,0.0799,39.0887,0.0000,24.7802,0.0000,0.0799,0.0000,35.9712,36.6107,0.0000,0.0000,0.0000,0.0000,0.0000,0.0799,0.0000,2.4780,0.0000,0.0000,0.0799,24.6203,0.0000,0.0799,0.0000,0.0000,0.0000
scANVI_log2_cellmedian,scanvi_log2_cellmedian_seed2,2,shared_knn,2.2382,22.4620,2.2382,0.1599,34.8521,0.0000,38.0496,0.0000,0.0000,2.2382,22.4620,30.2158,0.0000,0.1599,0.0000,0.0000,0.0000,0.0000,0.0000,4.6363,0.0000,0.0000,2.2382,37.8897,0.0000,0.1599,0.0000,0.0000,0.0000
scANVI_log2_measuredgenes,scanvi_log2_measuredgenes_seed0,0,native,17.9856,17.3461,5.5955,3.3573,37.9696,0.0000,17.7458,3.1175,0.8793,17.8257,17.3461,10.1519,0.0000,2.2382,0.0000,0.0000,0.0000,2.6379,1.6787,26.0592,0.0000,0.0799,5.5955,10.3118,1.7586,0.2398,0.0000,0.0000,0.0799
scANVI_log2_measuredgenes,scanvi_log2_measuredgenes_seed0,0,shared_knn,20.9432,9.5923,5.2758,13.3493,36.6107,0.0000,14.2286,12.6299,0.0799,20.7034,9.5923,6.7146,0.0000,8.7930,0.0000,0.0799,0.0799,0.0000,0.0000,28.6171,0.0000,0.2398,5.2758,5.1958,1.1990,0.7194,0.0000,0.0799,0.0000
scANVI_log2_measuredgenes,scanvi_log2_measuredgenes_seed1,1,native,12.0703,15.0280,8.0735,5.9952,36.4508,0.0000,22.3821,5.5955,3.9169,11.2710,15.0280,9.5124,0.0000,4.3965,0.0000,0.0000,0.0000,5.5955,0.3997,26.2990,0.0000,0.7994,8.0735,8.0735,0.6395,0.3997,0.0000,0.0000,0.0000
scANVI_log2_measuredgenes,scanvi_log2_measuredgenes_seed1,1,shared_knn,17.1863,7.6739,8.8729,12.3102,37.7298,0.0000,16.2270,11.5108,0.0799,16.4668,7.6739,10.3118,0.0000,9.0328,0.0000,0.0000,0.0000,0.7194,0.0000,26.7786,0.0000,0.7194,8.8729,5.8353,0.6395,0.7994,0.0000,0.5596,0.0000
scANVI_log2_measuredgenes,scanvi_log2_measuredgenes_seed2,2,native,6.6347,22.4620,3.0376,8.5532,39.9680,0.0000,19.3445,7.7538,3.7570,6.6347,22.4620,4.6363,0.0000,0.4796,0.0000,0.0000,0.0000,4.1567,0.2398,32.9337,0.0000,0.0000,3.0376,10.7114,2.3981,0.7994,0.0000,0.0000,0.0000
scANVI_log2_measuredgenes,scanvi_log2_measuredgenes_seed2,2,shared_knn,14.6283,14.3086,10.1519,13.3493,36.3709,0.0000,11.1910,13.0296,0.0799,14.4684,14.3086,11.4309,0.0000,3.6771,0.0799,0.0000,0.0000,0.0799,0.0000,24.3805,0.0000,0.1599,10.1519,7.0344,0.5596,0.3197,0.0000,0.2398,0.0000
