class,n_ref,recall,silhouette,absorbed,hub_occupancy,hub_flag
regulatory t cell,40,0.0,0.7233502864837646,35,6.150000095367432,False
plasmacytoid dendritic cell,29,0.0,0.46429547667503357,0,9.310344696044922,False
hematopoietic stem cell,64,0.15384615384615385,0.48582303524017334,5,9.765625,False
macrophage,1228,0.5040650406504065,-0.2558426856994629,56,9.788273811340332,False
"naive thymus-derived cd4-positive, alpha-beta t cell",490,0.5510204081632653,0.19962775707244873,65,9.81020450592041,False
"cd8-positive, alpha-beta t cell",4572,0.6181619256017505,-0.09368138760328293,218,10.131452560424805,True
natural killer cell,3057,0.6726677577741408,0.4826471209526062,304,9.82695484161377,False
intermediate monocyte,1036,0.748792270531401,0.305807888507843,81,9.955598831176758,False
hematopoietic precursor cell,131,0.8461538461538461,-0.5955740213394165,14,9.977099418640137,False
classical monocyte,10591,0.8555240793201133,0.5858635306358337,167,10.004531860351562,False
non-classical monocyte,353,0.8591549295774648,0.6123490929603577,13,9.960339546203613,False
"cd4-positive, alpha-beta t cell",4900,0.8826530612244898,-0.7369712591171265,73,10.046530723571777,True
mature nk t cell,202,0.9,0.25110065937042236,22,9.87128734588623,False
monocyte,9602,0.9208333333333333,0.760970950126648,320,10.030305862426758,False
plasma cell,816,0.9938650306748467,0.9735229015350342,0,9.995098114013672,False
b cell,3893,0.9948652118100129,0.9828224778175354,5,9.988954544067383,False
neutrophil,32198,0.9970496894409938,0.9914216995239258,22,10.000496864318848,False
erythrocyte,11548,0.9991341991341991,0.9971327781677246,5,10.002164840698242,False
basophil,41,1.0,0.9335446357727051,0,9.243902206420898,False
platelet,438,1.0,0.9936109185218811,4,10.068492889404297,True
common myeloid progenitor,3,,,0,12.333333015441895,True
myeloid dendritic cell,1,,,0,2.0,False
