cell,best,score,margin,run_date,label,cluster
Astral_TopMedPBMC1_041025_SP_1,NK cell,2.4729798,2.3244734,041025,NK cell,1
Astral_TopMedPBMC1_041025_SP_2,NK cell,-0.28682363,0.011587501,041025,unassigned,1
Astral_TopMedPBMC1_041025_SP_3,NK cell,0.8103295,0.462001,041025,unassigned,1
Astral_TopMedPBMC1_041025_SP_4,NK cell,0.4176655,0.47561792,041025,unassigned,1
Astral_TopMedPBMC1_041025_SP_5,Platelet,0.07235082,0.008686893,041025,unassigned,1
Astral_TopMedPBMC1_041025_SP_6,Dendritic,2.4587395,2.3961349,041025,Dendritic,1
Astral_TopMedPBMC1_041025_SP_7,T cell,0.21150585,0.39900053,041025,unassigned,1
Astral_TopMedPBMC1_041025_SP_8,NK cell,1.4695903,1.2447121,041025,NK cell,1
Astral_TopMedPBMC1_041025_SP_9,NK cell,0.41686177,0.5647884,041025,unassigned,1
Astral_TopMedPBMC1_041025_SP_10,NK cell,1.4949417,0.80853367,041025,NK cell,1
Astral_TopMedPBMC1_041025_SP_11,T cell,0.7917453,0.005948305,041025,unassigned,1
Astral_TopMedPBMC1_041025_SP_12,Monocyte,3.3109136,0.5103133,041025,Monocyte,0
Astral_TopMedPBMC1_041025_SP_13,NK cell,0.25689805,0.07421854,041025,unassigned,1
Astral_TopMedPBMC1_041025_SP_15,NK cell,0.25006905,0.6410192,041025,unassigned,1
Astral_TopMedPBMC1_041025_SP_16,Platelet,-0.16698156,0.17423286,041025,unassigned,1
Astral_TopMedPBMC1_041025_SP_17,Monocyte,2.3944025,0.20762277,041025,unassigned,0
Astral_TopMedPBMC1_041025_SP_18,Platelet,0.03348944,0.017502248,041025,unassigned,1
Astral_TopMedPBMC1_041025_SP_19,Platelet,0.22677663,0.59648025,041025,unassigned,1
Astral_TopMedPBMC1_041025_SP_20,NK cell,2.061581,1.9788214,041025,NK cell,0
Astral_TopMedPBMC1_041025_SP_21,NK cell,1.6401756,1.6093553,041025,NK cell,1
Astral_TopMedPBMC1_041025_SP_22,NK cell,0.88801676,1.2490194,041025,NK cell,1
Astral_TopMedPBMC1_041025_SP_23,Monocyte,2.3756742,0.23561597,041025,unassigned,0
Astral_TopMedPBMC1_041025_SP_24,Platelet,1.415353,2.0517733,041025,Platelet,1
Astral_TopMedPBMC1_041025_SP_25,NK cell,0.87996167,0.66262794,041025,NK cell,1
Astral_TopMedPBMC1_041025_SP_26,NK cell,1.5280555,1.3661542,041025,NK cell,1
Astral_TopMedPBMC1_041025_SP_27,T cell,0.4345933,0.41584763,041025,unassigned,1
Astral_TopMedPBMC1_041025_SP_28,NK cell,1.3630564,1.728121,041025,NK cell,1
Astral_TopMedPBMC1_041025_SP_29,Dendritic,2.5212476,0.40767097,041025,unassigned,0
Astral_TopMedPBMC1_041025_SP_30,T cell,0.70042497,0.4391649,041025,unassigned,1
Astral_TopMedPBMC1_041025_SP_31,T cell,1.7814713,1.8803035,041025,T cell,1
Astral_TopMedPBMC1_041025_SP_32,T cell,0.71663785,0.5535614,041025,T cell,1
Astral_TopMedPBMC1_041025_SP_33,NK cell,2.104853,2.4735982,041025,NK cell,1
Astral_TopMedPBMC1_041025_SP_34,T cell,-0.24696633,0.17360178,041025,unassigned,1
Astral_TopMedPBMC1_041025_SP_35,T cell,0.34037063,0.6189935,041025,unassigned,1
Astral_TopMedPBMC1_041025_SP_36,NK cell,1.2942398,0.77041674,041025,NK cell,1
Astral_TopMedPBMC1_041025_SP_37,T cell,0.7707784,0.15166658,041025,unassigned,1
Astral_TopMedPBMC1_041025_SP_38,NK cell,1.1573708,0.46216553,041025,unassigned,1
Astral_TopMedPBMC1_041025_SP_39,NK cell,0.7902036,0.0057959557,041025,unassigned,1
Astral_TopMedPBMC1_041025_SP_40,T cell,0.8210779,0.79908204,041025,T cell,1
Astral_TopMedPBMC1_041225_SP_41,Platelet,0.48963824,0.2950918,041225,unassigned,1
Astral_TopMedPBMC1_041225_SP_42,NK cell,1.3560206,1.7967424,041225,NK cell,1
Astral_TopMedPBMC1_041225_SP_43,T cell,0.85673267,0.81173176,041225,T cell,1
Astral_TopMedPBMC1_041225_SP_44,T cell,-0.28356326,0.12916589,041225,unassigned,1
Astral_TopMedPBMC1_041225_SP_45,NK cell,1.8027031,1.7448643,041225,NK cell,1
Astral_TopMedPBMC1_041225_SP_46,NK cell,0.6152697,0.94398814,041225,NK cell,1
Astral_TopMedPBMC1_041225_SP_47,Platelet,-0.16149221,0.105801806,041225,unassigned,1
Astral_TopMedPBMC1_041225_SP_48,NK cell,0.9410037,0.9136163,041225,NK cell,1
Astral_TopMedPBMC1_041225_SP_49,NK cell,2.0058894,2.3546584,041225,NK cell,1
Astral_TopMedPBMC1_041225_SP_50,T cell,0.8798375,0.64727885,041225,T cell,1
Astral_TopMedPBMC1_041225_SP_51,NK cell,0.05202477,0.35452655,041225,unassigned,1
Astral_TopMedPBMC1_041225_SP_52,T cell,2.3089998,2.4424336,041225,T cell,0
Astral_TopMedPBMC1_041225_SP_53,T cell,1.003791,1.3750522,041225,T cell,1
Astral_TopMedPBMC1_041225_SP_54,T cell,0.22011693,0.22271675,041225,unassigned,1
Astral_TopMedPBMC1_041225_SP_55,NK cell,0.98611164,0.96529454,041225,NK cell,1
Astral_TopMedPBMC1_041225_SP_56,T cell,1.6760093,0.19562721,041225,unassigned,1
Astral_TopMedPBMC1_041225_SP_57,Dendritic,3.4211159,2.4162505,041225,Dendritic,0
Astral_TopMedPBMC1_041225_SP_58,T cell,-0.07165089,0.36800185,041225,unassigned,1
Astral_TopMedPBMC1_041225_SP_59,NK cell,1.1201924,1.2645074,041225,NK cell,1
Astral_TopMedPBMC1_041225_SP_60,NK cell,0.80680454,1.0724444,041225,NK cell,1
Astral_TopMedPBMC1_041225_SP_61,T cell,0.56313324,0.3572177,041225,unassigned,1
Astral_TopMedPBMC1_041225_SP_62,T cell,0.97272503,1.4322586,041225,T cell,1
Astral_TopMedPBMC1_041225_SP_63,Dendritic,0.93177855,0.04459089,041225,unassigned,1
Astral_TopMedPBMC1_041225_SP_64,Monocyte,3.3200927,0.29492092,041225,unassigned,0
Astral_TopMedPBMC1_041225_SP_65,Monocyte,-0.30570942,0.1589604,041225,unassigned,1
Astral_TopMedPBMC1_041225_SP_66,NK cell,0.77507687,0.6310711,041225,NK cell,1
Astral_TopMedPBMC1_041225_SP_67,NK cell,1.8015643,1.4606798,041225,NK cell,1
Astral_TopMedPBMC1_041225_SP_68,NK cell,1.605101,1.4401103,041225,NK cell,0
Astral_TopMedPBMC1_041225_SP_69,T cell,0.63981956,0.99182165,041225,T cell,1
Astral_TopMedPBMC1_041225_SP_70,T cell,0.80883485,1.2046833,041225,T cell,1
Astral_TopMedPBMC1_041225_SP_71,Platelet,1.1806054,0.16705644,041225,unassigned,1
Astral_TopMedPBMC1_041225_SP_72,Monocyte,-0.5898098,0.012848139,041225,unassigned,1
Astral_TopMedPBMC1_041225_SP_73,T cell,0.21304283,0.60424244,041225,unassigned,1
Astral_TopMedPBMC1_041225_SP_74,T cell,0.12549458,0.33994773,041225,unassigned,1
Astral_TopMedPBMC1_041225_SP_75,T cell,1.1002537,1.4491799,041225,T cell,1
Astral_TopMedPBMC1_041225_SP_76,Platelet,1.500806,0.2628448,041225,unassigned,1
Astral_TopMedPBMC1_041225_SP_77,T cell,1.5731081,1.4335198,041225,T cell,1
Astral_TopMedPBMC1_041225_SP_78,NK cell,1.575895,0.32483304,041225,unassigned,1
Astral_TopMedPBMC1_041225_SP_79,T cell,0.909977,0.71291584,041225,T cell,1
Astral_TopMedPBMC1_041225_SP_80,NK cell,1.1726325,1.3713391,041225,NK cell,1
Astral_TopMedPBMC1_041325_SP_81,Dendritic,3.1894453,2.0169444,041325,Dendritic,0
Astral_TopMedPBMC1_041325_SP_82,NK cell,-0.07036157,0.21878247,041325,unassigned,1
Astral_TopMedPBMC1_041325_SP_83,T cell,1.6827799,1.7930055,041325,T cell,1
Astral_TopMedPBMC1_041325_SP_84,T cell,0.84284985,1.223193,041325,T cell,1
Astral_TopMedPBMC1_041325_SP_85,T cell,2.1645558,1.4767487,041325,T cell,1
Astral_TopMedPBMC1_041325_SP_86,Dendritic,4.1097584,2.058829,041325,Dendritic,0
Astral_TopMedPBMC1_041325_SP_87,NK cell,0.5213655,0.7239887,041325,NK cell,1
Astral_TopMedPBMC1_041325_SP_88,Platelet,2.034878,0.32001388,041325,unassigned,0
Astral_TopMedPBMC1_041325_SP_89,T cell,0.2032762,0.33455163,041325,unassigned,1
Astral_TopMedPBMC1_041325_SP_90,Dendritic,0.022904117,0.08046074,041325,unassigned,1
Astral_TopMedPBMC1_041325_SP_91,NK cell,1.5854459,1.637677,041325,NK cell,1
Astral_TopMedPBMC1_041325_SP_92,NK cell,1.0447831,0.91270185,041325,NK cell,1
Astral_TopMedPBMC1_041325_SP_93,NK cell,0.98082393,1.0641962,041325,NK cell,1
Astral_TopMedPBMC1_041325_SP_94,T cell,1.1143502,1.1413096,041325,T cell,1
Astral_TopMedPBMC1_041325_SP_95,T cell,0.67952347,0.09040779,041325,unassigned,1
Astral_TopMedPBMC1_041325_SP_96,NK cell,1.1403025,1.2751213,041325,NK cell,1
Astral_TopMedPBMC1_041325_SP_97,T cell,0.10783545,0.52544194,041325,unassigned,1
Astral_TopMedPBMC1_041325_SP_98,T cell,0.36705762,0.5387956,041325,unassigned,1
Astral_TopMedPBMC1_041325_SP_99,T cell,1.0359879,1.3208926,041325,T cell,1
Astral_TopMedPBMC1_041325_SP_100,T cell,0.947061,0.7997436,041325,T cell,1
Astral_TopMedPBMC1_041325_SP_101,Platelet,1.2195706,0.49559683,041325,unassigned,1
Astral_TopMedPBMC1_041325_SP_102,T cell,0.61580426,0.9418904,041325,T cell,1
Astral_TopMedPBMC1_041325_SP_103,T cell,1.1046246,1.2820954,041325,T cell,1
Astral_TopMedPBMC1_041325_SP_104,NK cell,0.9771573,0.23580033,041325,unassigned,1
Astral_TopMedPBMC1_041325_SP_105,T cell,0.9385307,1.3388735,041325,T cell,1
Astral_TopMedPBMC1_041325_SP_106,T cell,1.761095,1.9348191,041325,T cell,1
Astral_TopMedPBMC1_041325_SP_107,T cell,0.57183325,0.85539556,041325,T cell,1
Astral_TopMedPBMC1_041325_SP_108,T cell,1.0067376,1.0276912,041325,T cell,1
Astral_TopMedPBMC1_041325_SP_109,T cell,1.9033043,2.4204893,041325,T cell,1
Astral_TopMedPBMC1_041325_SP_110,NK cell,1.3442014,0.7209859,041325,NK cell,1
Astral_TopMedPBMC1_041325_SP_111,Monocyte,2.2493577,1.1892121,041325,Monocyte,0
Astral_TopMedPBMC1_041325_SP_112,T cell,1.4043993,1.3371193,041325,T cell,1
Astral_TopMedPBMC1_041325_SP_113,T cell,0.18174544,0.008603543,041325,unassigned,1
Astral_TopMedPBMC1_041325_SP_114,T cell,1.589169,0.58635795,041325,T cell,0
Astral_TopMedPBMC1_041325_SP_115,T cell,1.1117023,1.2538031,041325,T cell,1
Astral_TopMedPBMC1_041325_SP_116,Dendritic,1.9992013,0.17528045,041325,unassigned,0
Astral_TopMedPBMC1_041325_SP_117,T cell,1.1762753,1.4788786,041325,T cell,1
Astral_TopMedPBMC1_041325_SP_118,T cell,1.8081712,1.8634804,041325,T cell,1
Astral_TopMedPBMC1_041325_SP_119,T cell,1.290491,1.3552415,041325,T cell,1
Astral_TopMedPBMC1_041325_SP_120,T cell,0.8891502,1.219278,041325,T cell,1
Astral_TopMedPBMC1_041425_SP_121,T cell,1.1374279,0.8993721,041425,T cell,1
Astral_TopMedPBMC1_041425_SP_122,NK cell,1.4236714,1.5928025,041425,NK cell,1
Astral_TopMedPBMC1_041425_SP_123,NK cell,0.6115726,0.91285336,041425,NK cell,1
Astral_TopMedPBMC1_041425_SP_124,NK cell,0.63232034,0.5939547,041425,NK cell,1
Astral_TopMedPBMC1_041425_SP_125,T cell,1.3430123,1.3764263,041425,T cell,1
Astral_TopMedPBMC1_041425_SP_126,T cell,1.1359235,0.32608193,041425,unassigned,1
Astral_TopMedPBMC1_041425_SP_127,T cell,-0.09640611,0.08829763,041425,unassigned,1
Astral_TopMedPBMC1_041425_SP_128,NK cell,1.1057326,0.59771043,041425,NK cell,1
Astral_TopMedPBMC1_041425_SP_129,Monocyte,2.6261184,0.8088355,041425,Monocyte,0
Astral_TopMedPBMC1_041425_SP_130,NK cell,1.4178238,1.0198908,041425,NK cell,1
Astral_TopMedPBMC1_041425_SP_131,Dendritic,2.2081523,0.3107537,041425,unassigned,0
Astral_TopMedPBMC1_041425_SP_132,Dendritic,2.7633986,1.340858,041425,Dendritic,0
Astral_TopMedPBMC1_041425_SP_133,T cell,0.6630583,0.6828309,041425,T cell,1
Astral_TopMedPBMC1_041425_SP_134,Dendritic,1.5149195,0.3139143,041425,unassigned,0
Astral_TopMedPBMC1_041425_SP_135,Platelet,3.961378,0.92972255,041425,Platelet,0
Astral_TopMedPBMC1_041425_SP_136,T cell,1.8625298,0.8247448,041425,T cell,1
Astral_TopMedPBMC1_041425_SP_137,T cell,0.7967627,0.8008348,041425,T cell,1
Astral_TopMedPBMC1_041425_SP_138,Platelet,3.8146765,0.20132852,041425,unassigned,0
Astral_TopMedPBMC1_041425_SP_139,NK cell,-0.031977423,0.15521348,041425,unassigned,1
Astral_TopMedPBMC1_041425_SP_140,NK cell,0.7833455,0.9140987,041425,NK cell,1
Astral_TopMedPBMC1_041425_SP_141,Dendritic,2.3177133,0.087182045,041425,unassigned,0
Astral_TopMedPBMC1_041425_SP_142,T cell,-0.18450093,0.23659045,041425,unassigned,1
Astral_TopMedPBMC1_041425_SP_143,NK cell,1.0242198,0.90912515,041425,NK cell,1
Astral_TopMedPBMC1_041425_SP_144,Monocyte,1.1733526,0.056969166,041425,unassigned,0
Astral_TopMedPBMC1_041425_SP_145,Monocyte,0.39958757,0.6616311,041425,unassigned,1
Astral_TopMedPBMC1_041425_SP_146,Platelet,3.3870516,1.7733877,041425,Platelet,0
Astral_TopMedPBMC1_041425_SP_147,T cell,0.7037188,0.5663034,041425,T cell,1
Astral_TopMedPBMC1_041425_SP_148,Platelet,2.4458203,0.44883692,041425,unassigned,0
Astral_TopMedPBMC1_041425_SP_149,T cell,1.2446458,1.2862688,041425,T cell,1
Astral_TopMedPBMC1_041425_SP_150,T cell,0.027164193,0.26468724,041425,unassigned,1
Astral_TopMedPBMC1_041425_SP_151,NK cell,0.8522672,0.9018249,041425,NK cell,1
Astral_TopMedPBMC1_041425_SP_152,NK cell,0.67982394,0.19049278,041425,unassigned,1
Astral_TopMedPBMC1_041425_SP_153,Platelet,3.2722955,0.20908189,041425,unassigned,0
Astral_TopMedPBMC1_041425_SP_154,T cell,-0.12328939,0.02150312,041425,unassigned,1
Astral_TopMedPBMC1_041425_SP_155,T cell,2.3391893,2.41501,041425,T cell,1
Astral_TopMedPBMC1_041425_SP_156,T cell,1.5173689,0.6345803,041425,T cell,1
Astral_TopMedPBMC1_041425_SP_157,Dendritic,1.317019,0.1462388,041425,unassigned,0
Astral_TopMedPBMC1_041425_SP_158,Platelet,4.708718,1.577914,041425,Platelet,0
Astral_TopMedPBMC1_041425_SP_159,T cell,1.6198297,1.4157989,041425,T cell,1
Astral_TopMedPBMC1_041425_SP_160,Dendritic,-0.41670927,0.09357086,041425,unassigned,1
Astral_TopMedPBMC1_041525_SP_161,T cell,2.1697428,1.0987363,041525,T cell,0
Astral_TopMedPBMC1_041525_SP_162,NK cell,0.8401114,0.18609697,041525,unassigned,1
Astral_TopMedPBMC1_041525_SP_163,NK cell,0.92485744,1.0623505,041525,NK cell,1
Astral_TopMedPBMC1_041525_SP_164,T cell,0.434557,0.44464406,041525,unassigned,1
Astral_TopMedPBMC1_041525_SP_165,NK cell,2.3191636,2.2547607,041525,NK cell,1
Astral_TopMedPBMC1_041525_SP_166,NK cell,0.5708571,1.053515,041525,NK cell,1
Astral_TopMedPBMC1_041525_SP_167,NK cell,0.56755686,0.4910267,041525,unassigned,1
Astral_TopMedPBMC1_041525_SP_168,Platelet,0.074343316,0.23853543,041525,unassigned,1
Astral_TopMedPBMC1_041525_SP_169,T cell,0.7673981,0.33121386,041525,unassigned,1
Astral_TopMedPBMC1_041525_SP_170,NK cell,1.2353213,1.6451845,041525,NK cell,1
Astral_TopMedPBMC1_041525_SP_171,Monocyte,2.471493,1.1375775,041525,Monocyte,0
Astral_TopMedPBMC1_041525_SP_172,Dendritic,-0.38050142,0.1765854,041525,unassigned,1
Astral_TopMedPBMC1_041525_SP_173,NK cell,0.268537,0.21461493,041525,unassigned,1
Astral_TopMedPBMC1_041525_SP_174,NK cell,1.5378958,1.8441651,041525,NK cell,1
Astral_TopMedPBMC1_041525_SP_175,T cell,-0.30167082,0.08920339,041525,unassigned,1
Astral_TopMedPBMC1_041525_SP_176,Platelet,0.062486324,0.4688942,041525,unassigned,1
Astral_TopMedPBMC1_041525_SP_177,Monocyte,2.5597415,0.1829288,041525,unassigned,0
Astral_TopMedPBMC1_041525_SP_178,Monocyte,-0.264806,0.09490433,041525,unassigned,1
Astral_TopMedPBMC1_041525_SP_179,T cell,-0.21241339,0.34050745,041525,unassigned,1
Astral_TopMedPBMC1_041525_SP_180,Dendritic,-0.44515902,0.078698635,041525,unassigned,1
Astral_TopMedPBMC1_041525_SP_181,Platelet,0.069591075,0.030832067,041525,unassigned,1
Astral_TopMedPBMC1_041525_SP_182,NK cell,-0.08605754,0.51232696,041525,unassigned,1
Astral_TopMedPBMC1_041525_SP_183,T cell,0.189552,0.70521396,041525,unassigned,1
Astral_TopMedPBMC1_041525_SP_184,Dendritic,2.4604833,0.24397373,041525,unassigned,0
Astral_TopMedPBMC1_041525_SP_185,Platelet,3.4237776,0.8351431,041525,Platelet,0
Astral_TopMedPBMC1_041525_SP_186,NK cell,1.5362127,1.3081877,041525,NK cell,1
Astral_TopMedPBMC1_041725_SP_188,T cell,0.80496556,0.758379,041725,T cell,1
Astral_TopMedPBMC1_041725_SP_189,Dendritic,3.4945831,2.561533,041725,Dendritic,0
Astral_TopMedPBMC1_041725_SP_190,Dendritic,2.9224517,1.356494,041725,Dendritic,0
Astral_TopMedPBMC1_041725_SP_191,Platelet,0.57801944,0.578524,041725,Platelet,1
Astral_TopMedPBMC1_041725_SP_192,NK cell,0.0011364259,0.6210926,041725,unassigned,1
Astral_TopMedPBMC1_041725_SP_193,Dendritic,3.2009463,3.3880682,041725,Dendritic,1
Astral_TopMedPBMC1_041725_SP_194,Monocyte,2.621422,0.31690574,041725,unassigned,0
Astral_TopMedPBMC1_041725_SP_195,Dendritic,3.907556,2.4397297,041725,Dendritic,0
Astral_TopMedPBMC1_041725_SP_196,Platelet,-0.08879499,0.2550689,041725,unassigned,1
Astral_TopMedPBMC1_041725_SP_197,T cell,1.0666997,1.5626591,041725,T cell,1
Astral_TopMedPBMC1_041725_SP_198,NK cell,1.3563551,1.7466278,041725,NK cell,1
Astral_TopMedPBMC1_041725_SP_199,T cell,0.9562387,1.469752,041725,T cell,1
Astral_TopMedPBMC1_041725_SP_200,NK cell,1.0344214,1.120693,041725,NK cell,1
Astral_TopMedPBMC1_041725_SP_201,NK cell,0.3691274,0.05854079,041725,unassigned,1
Astral_TopMedPBMC1_041725_SP_202,NK cell,0.3538049,0.9447748,041725,unassigned,1
Astral_TopMedPBMC1_041725_SP_203,NK cell,1.2216852,1.5377334,041725,NK cell,1
Astral_TopMedPBMC1_041725_SP_204,Dendritic,2.1420383,1.0457036,041725,Dendritic,1
Astral_TopMedPBMC1_041725_SP_205,T cell,0.016463803,0.30330682,041725,unassigned,1
Astral_TopMedPBMC1_041725_SP_206,NK cell,1.315352,1.7123213,041725,NK cell,1
Astral_TopMedPBMC1_041725_SP_207,T cell,-0.016611613,0.22775355,041725,unassigned,1
Astral_TopMedPBMC1_041725_SP_208,T cell,0.9844396,0.6743188,041725,T cell,1
Astral_TopMedPBMC1_041725_SP_209,NK cell,0.9378905,1.1881514,041725,NK cell,1
Astral_TopMedPBMC1_041725_SP_210,Monocyte,3.6579213,0.77544856,041725,Monocyte,0
Astral_TopMedPBMC1_041725_SP_211,T cell,0.55432993,0.7410397,041725,T cell,1
Astral_TopMedPBMC1_041725_SP_212,NK cell,1.9675505,1.8144099,041725,NK cell,1
Astral_TopMedPBMC1_041725_SP_213,NK cell,0.75549775,1.1416888,041725,NK cell,1
Astral_TopMedPBMC1_041725_SP_214,T cell,0.2610454,0.3746814,041725,unassigned,1
Astral_TopMedPBMC1_041725_SP_215,NK cell,0.87453634,0.26442063,041725,unassigned,1
Astral_TopMedPBMC1_041725_SP_216,NK cell,1.0856845,1.3714272,041725,NK cell,1
Astral_TopMedPBMC1_041725_SP_218,NK cell,1.2741383,1.5270762,041725,NK cell,1
Astral_TopMedPBMC1_041725_SP_219,T cell,0.004976592,0.028705664,041725,unassigned,1
Astral_TopMedPBMC1_041725_SP_220,T cell,1.2275298,0.6813266,041725,T cell,1
Astral_TopMedPBMC1_041725_SP_221,T cell,0.74346715,0.6399778,041725,T cell,1
Astral_TopMedPBMC1_041725_SP_222,NK cell,0.8738001,1.0380201,041725,NK cell,1
Astral_TopMedPBMC1_041725_SP_223,T cell,0.7465566,0.4623876,041725,unassigned,1
Astral_TopMedPBMC1_041725_SP_224,T cell,0.5791173,0.9030051,041725,T cell,1
Astral_TopMedPBMC1_041725_SP_225,T cell,1.1257398,1.3228468,041725,T cell,1
Astral_TopMedPBMC1_041725_SP_226,T cell,0.72369516,0.6562228,041725,T cell,1
Astral_TopMedPBMC1_041725_SP_227,T cell,2.222064,0.5318059,041725,T cell,1
Astral_TopMedPBMC1_041725_SP_228,NK cell,0.14925195,0.30852318,041725,unassigned,1
Astral_TopMedPBMC1_041725_SP_229,Dendritic,3.1329165,0.85159826,041725,Dendritic,0
Astral_TopMedPBMC1_041725_SP_230,NK cell,1.8710977,1.7919345,041725,NK cell,1
Astral_TopMedPBMC1_041725_SP_231,Platelet,3.9657352,0.6930802,041725,Platelet,0
Astral_TopMedPBMC1_041725_SP_232,NK cell,1.4519055,1.5607436,041725,NK cell,1
Astral_TopMedPBMC1_041725_SP_233,Monocyte,0.41585186,0.19408706,041725,unassigned,1
Astral_TopMedPBMC1_041725_SP_234,NK cell,1.598278,1.3244643,041725,NK cell,0
Astral_TopMedPBMC1_041725_SP_235,T cell,1.5074009,1.245923,041725,T cell,1
Astral_TopMedPBMC1_041725_SP_236,T cell,1.4794226,0.78511816,041725,T cell,1
Astral_TopMedPBMC1_041725_SP_237,T cell,1.1920942,1.3454297,041725,T cell,1
Astral_TopMedPBMC1_041725_SP_238,T cell,1.3169616,1.7165076,041725,T cell,1
Astral_TopMedPBMC1_041725_SP_239,T cell,1.4294866,1.7665561,041725,T cell,1
Astral_TopMedPBMC1_041725_SP_240,T cell,0.67365044,0.881629,041725,T cell,1
