,,accuracy_pct,accuracy_pct,accuracy_pct,accuracy_pct,balanced_accuracy_pct,balanced_accuracy_pct,balanced_accuracy_pct,balanced_accuracy_pct
,,mean,std,min,max,mean,std,min,max
family,regime,,,,,,,,
V2,restricted_native_centroid,69.63758389261746,7.624261507987691,57.18120805369128,76.1744966442953,60.958816554892735,10.03035625058149,51.4316017636815,73.22520286042462
V2,restricted_pool_first,76.60402684563759,4.237924232654548,73.42281879194631,83.69127516778524,57.630932972692584,10.868322320064765,49.908759124087595,76.15278446774612
V2,restricted_shared_knn,74.80536912751678,4.832354584106945,66.64429530201342,79.32885906040269,58.26156026529327,6.396821775163109,48.227287042869314,63.10834969802512
V2,unrestricted,12.174496644295301,8.116727580103461,2.8859060402684564,22.483221476510067,8.633193152765942,5.399621218621352,1.9616788321167884,15.282846715328466
V2,unrestricted_native_centroid,4.053691275167785,5.121293528325644,0.33557046979865773,13.087248322147651,3.080606913927897,3.4038638987056107,0.22810218978102187,8.977268516803143
v3,restricted_native_centroid,79.38255033557047,4.708377769919187,73.75838926174497,86.1744966442953,63.32366890214532,10.842694274295614,50.787126236614924,79.7915354403646
v3,restricted_pool_first,78.10738255033557,4.691126343041717,74.22818791946308,83.28859060402685,61.64404942754455,11.796625489466765,51.35031864833821,77.50472414687466
v3,restricted_shared_knn,75.31543624161074,11.790553905102447,55.033557046979865,84.96644295302013,71.4997776872059,10.600388762819492,59.04326762755196,88.39920893697433
v3,unrestricted,38.36241610738254,25.705162348829226,1.8791946308724832,69.26174496644295,29.067860980399423,18.340636497311927,1.2773722627737227,49.843917892474714
v3,unrestricted_native_centroid,34.09395973154362,25.24574056713385,0.20134228187919465,66.24161073825503,25.597419318981807,17.34687638202214,0.13686131386861314,48.197413761161954
