cell_id,weak_lineage
Astral_TopMedPBMC1_041025_SP_1,lymphoid
Astral_TopMedPBMC1_041025_SP_2,unassigned
Astral_TopMedPBMC1_041025_SP_3,unassigned
Astral_TopMedPBMC1_041025_SP_4,unassigned
Astral_TopMedPBMC1_041025_SP_5,unassigned
Astral_TopMedPBMC1_041025_SP_6,unassigned
Astral_TopMedPBMC1_041025_SP_7,unassigned
Astral_TopMedPBMC1_041025_SP_8,lymphoid
Astral_TopMedPBMC1_041025_SP_9,unassigned
Astral_TopMedPBMC1_041025_SP_10,lymphoid
Astral_TopMedPBMC1_041025_SP_11,unassigned
Astral_TopMedPBMC1_041025_SP_12,myeloid
Astral_TopMedPBMC1_041025_SP_13,unassigned
Astral_TopMedPBMC1_041025_SP_15,unassigned
Astral_TopMedPBMC1_041025_SP_16,unassigned
Astral_TopMedPBMC1_041025_SP_17,unassigned
Astral_TopMedPBMC1_041025_SP_18,unassigned
Astral_TopMedPBMC1_041025_SP_19,unassigned
Astral_TopMedPBMC1_041025_SP_20,lymphoid
Astral_TopMedPBMC1_041025_SP_21,lymphoid
Astral_TopMedPBMC1_041025_SP_22,lymphoid
Astral_TopMedPBMC1_041025_SP_23,unassigned
Astral_TopMedPBMC1_041025_SP_24,unassigned
Astral_TopMedPBMC1_041025_SP_25,lymphoid
Astral_TopMedPBMC1_041025_SP_26,lymphoid
Astral_TopMedPBMC1_041025_SP_27,unassigned
Astral_TopMedPBMC1_041025_SP_28,lymphoid
Astral_TopMedPBMC1_041025_SP_29,unassigned
Astral_TopMedPBMC1_041025_SP_30,unassigned
Astral_TopMedPBMC1_041025_SP_31,lymphoid
Astral_TopMedPBMC1_041025_SP_32,lymphoid
Astral_TopMedPBMC1_041025_SP_33,lymphoid
Astral_TopMedPBMC1_041025_SP_34,unassigned
Astral_TopMedPBMC1_041025_SP_35,unassigned
Astral_TopMedPBMC1_041025_SP_36,lymphoid
Astral_TopMedPBMC1_041025_SP_37,unassigned
Astral_TopMedPBMC1_041025_SP_38,unassigned
Astral_TopMedPBMC1_041025_SP_39,unassigned
Astral_TopMedPBMC1_041025_SP_40,lymphoid
Astral_TopMedPBMC1_041225_SP_41,unassigned
Astral_TopMedPBMC1_041225_SP_42,lymphoid
Astral_TopMedPBMC1_041225_SP_43,lymphoid
Astral_TopMedPBMC1_041225_SP_44,unassigned
Astral_TopMedPBMC1_041225_SP_45,lymphoid
Astral_TopMedPBMC1_041225_SP_46,lymphoid
Astral_TopMedPBMC1_041225_SP_47,unassigned
Astral_TopMedPBMC1_041225_SP_48,lymphoid
Astral_TopMedPBMC1_041225_SP_49,lymphoid
Astral_TopMedPBMC1_041225_SP_50,lymphoid
Astral_TopMedPBMC1_041225_SP_51,unassigned
Astral_TopMedPBMC1_041225_SP_52,lymphoid
Astral_TopMedPBMC1_041225_SP_53,lymphoid
Astral_TopMedPBMC1_041225_SP_54,unassigned
Astral_TopMedPBMC1_041225_SP_55,lymphoid
Astral_TopMedPBMC1_041225_SP_56,unassigned
Astral_TopMedPBMC1_041225_SP_57,unassigned
Astral_TopMedPBMC1_041225_SP_58,unassigned
Astral_TopMedPBMC1_041225_SP_59,lymphoid
Astral_TopMedPBMC1_041225_SP_60,lymphoid
Astral_TopMedPBMC1_041225_SP_61,unassigned
Astral_TopMedPBMC1_041225_SP_62,lymphoid
Astral_TopMedPBMC1_041225_SP_63,unassigned
Astral_TopMedPBMC1_041225_SP_64,unassigned
Astral_TopMedPBMC1_041225_SP_65,unassigned
Astral_TopMedPBMC1_041225_SP_66,lymphoid
Astral_TopMedPBMC1_041225_SP_67,lymphoid
Astral_TopMedPBMC1_041225_SP_68,lymphoid
Astral_TopMedPBMC1_041225_SP_69,lymphoid
Astral_TopMedPBMC1_041225_SP_70,lymphoid
Astral_TopMedPBMC1_041225_SP_71,unassigned
Astral_TopMedPBMC1_041225_SP_72,unassigned
Astral_TopMedPBMC1_041225_SP_73,unassigned
Astral_TopMedPBMC1_041225_SP_74,unassigned
Astral_TopMedPBMC1_041225_SP_75,lymphoid
Astral_TopMedPBMC1_041225_SP_76,unassigned
Astral_TopMedPBMC1_041225_SP_77,lymphoid
Astral_TopMedPBMC1_041225_SP_78,unassigned
Astral_TopMedPBMC1_041225_SP_79,lymphoid
Astral_TopMedPBMC1_041225_SP_80,lymphoid
Astral_TopMedPBMC1_041325_SP_81,unassigned
Astral_TopMedPBMC1_041325_SP_82,unassigned
Astral_TopMedPBMC1_041325_SP_83,lymphoid
Astral_TopMedPBMC1_041325_SP_84,lymphoid
Astral_TopMedPBMC1_041325_SP_85,lymphoid
Astral_TopMedPBMC1_041325_SP_86,unassigned
Astral_TopMedPBMC1_041325_SP_87,lymphoid
Astral_TopMedPBMC1_041325_SP_88,unassigned
Astral_TopMedPBMC1_041325_SP_89,unassigned
Astral_TopMedPBMC1_041325_SP_90,unassigned
Astral_TopMedPBMC1_041325_SP_91,lymphoid
Astral_TopMedPBMC1_041325_SP_92,lymphoid
Astral_TopMedPBMC1_041325_SP_93,lymphoid
Astral_TopMedPBMC1_041325_SP_94,lymphoid
Astral_TopMedPBMC1_041325_SP_95,unassigned
Astral_TopMedPBMC1_041325_SP_96,lymphoid
Astral_TopMedPBMC1_041325_SP_97,unassigned
Astral_TopMedPBMC1_041325_SP_98,unassigned
Astral_TopMedPBMC1_041325_SP_99,lymphoid
Astral_TopMedPBMC1_041325_SP_100,lymphoid
Astral_TopMedPBMC1_041325_SP_101,unassigned
Astral_TopMedPBMC1_041325_SP_102,lymphoid
Astral_TopMedPBMC1_041325_SP_103,lymphoid
Astral_TopMedPBMC1_041325_SP_104,unassigned
Astral_TopMedPBMC1_041325_SP_105,lymphoid
Astral_TopMedPBMC1_041325_SP_106,lymphoid
Astral_TopMedPBMC1_041325_SP_107,lymphoid
Astral_TopMedPBMC1_041325_SP_108,lymphoid
Astral_TopMedPBMC1_041325_SP_109,lymphoid
Astral_TopMedPBMC1_041325_SP_110,lymphoid
Astral_TopMedPBMC1_041325_SP_111,myeloid
Astral_TopMedPBMC1_041325_SP_112,lymphoid
Astral_TopMedPBMC1_041325_SP_113,unassigned
Astral_TopMedPBMC1_041325_SP_114,lymphoid
Astral_TopMedPBMC1_041325_SP_115,lymphoid
Astral_TopMedPBMC1_041325_SP_116,unassigned
Astral_TopMedPBMC1_041325_SP_117,lymphoid
Astral_TopMedPBMC1_041325_SP_118,lymphoid
Astral_TopMedPBMC1_041325_SP_119,lymphoid
Astral_TopMedPBMC1_041325_SP_120,lymphoid
Astral_TopMedPBMC1_041425_SP_121,lymphoid
Astral_TopMedPBMC1_041425_SP_122,lymphoid
Astral_TopMedPBMC1_041425_SP_123,lymphoid
Astral_TopMedPBMC1_041425_SP_124,lymphoid
Astral_TopMedPBMC1_041425_SP_125,lymphoid
Astral_TopMedPBMC1_041425_SP_126,unassigned
Astral_TopMedPBMC1_041425_SP_127,unassigned
Astral_TopMedPBMC1_041425_SP_128,lymphoid
Astral_TopMedPBMC1_041425_SP_129,myeloid
Astral_TopMedPBMC1_041425_SP_130,lymphoid
Astral_TopMedPBMC1_041425_SP_131,unassigned
Astral_TopMedPBMC1_041425_SP_132,unassigned
Astral_TopMedPBMC1_041425_SP_133,lymphoid
Astral_TopMedPBMC1_041425_SP_134,unassigned
Astral_TopMedPBMC1_041425_SP_135,unassigned
Astral_TopMedPBMC1_041425_SP_136,lymphoid
Astral_TopMedPBMC1_041425_SP_137,lymphoid
Astral_TopMedPBMC1_041425_SP_138,unassigned
Astral_TopMedPBMC1_041425_SP_139,unassigned
Astral_TopMedPBMC1_041425_SP_140,lymphoid
Astral_TopMedPBMC1_041425_SP_141,unassigned
Astral_TopMedPBMC1_041425_SP_142,unassigned
Astral_TopMedPBMC1_041425_SP_143,lymphoid
Astral_TopMedPBMC1_041425_SP_144,unassigned
Astral_TopMedPBMC1_041425_SP_145,unassigned
Astral_TopMedPBMC1_041425_SP_146,unassigned
Astral_TopMedPBMC1_041425_SP_147,lymphoid
Astral_TopMedPBMC1_041425_SP_148,unassigned
Astral_TopMedPBMC1_041425_SP_149,lymphoid
Astral_TopMedPBMC1_041425_SP_150,unassigned
Astral_TopMedPBMC1_041425_SP_151,lymphoid
Astral_TopMedPBMC1_041425_SP_152,unassigned
Astral_TopMedPBMC1_041425_SP_153,unassigned
Astral_TopMedPBMC1_041425_SP_154,unassigned
Astral_TopMedPBMC1_041425_SP_155,lymphoid
Astral_TopMedPBMC1_041425_SP_156,lymphoid
Astral_TopMedPBMC1_041425_SP_157,unassigned
Astral_TopMedPBMC1_041425_SP_158,unassigned
Astral_TopMedPBMC1_041425_SP_159,lymphoid
Astral_TopMedPBMC1_041425_SP_160,unassigned
Astral_TopMedPBMC1_041525_SP_161,lymphoid
Astral_TopMedPBMC1_041525_SP_162,unassigned
Astral_TopMedPBMC1_041525_SP_163,lymphoid
Astral_TopMedPBMC1_041525_SP_164,unassigned
Astral_TopMedPBMC1_041525_SP_165,lymphoid
Astral_TopMedPBMC1_041525_SP_166,lymphoid
Astral_TopMedPBMC1_041525_SP_167,unassigned
Astral_TopMedPBMC1_041525_SP_168,unassigned
Astral_TopMedPBMC1_041525_SP_169,unassigned
Astral_TopMedPBMC1_041525_SP_170,lymphoid
Astral_TopMedPBMC1_041525_SP_171,myeloid
Astral_TopMedPBMC1_041525_SP_172,unassigned
Astral_TopMedPBMC1_041525_SP_173,unassigned
Astral_TopMedPBMC1_041525_SP_174,lymphoid
Astral_TopMedPBMC1_041525_SP_175,unassigned
Astral_TopMedPBMC1_041525_SP_176,unassigned
Astral_TopMedPBMC1_041525_SP_177,unassigned
Astral_TopMedPBMC1_041525_SP_178,unassigned
Astral_TopMedPBMC1_041525_SP_179,unassigned
Astral_TopMedPBMC1_041525_SP_180,unassigned
Astral_TopMedPBMC1_041525_SP_181,unassigned
Astral_TopMedPBMC1_041525_SP_182,unassigned
Astral_TopMedPBMC1_041525_SP_183,unassigned
Astral_TopMedPBMC1_041525_SP_184,unassigned
Astral_TopMedPBMC1_041525_SP_185,unassigned
Astral_TopMedPBMC1_041525_SP_186,lymphoid
Astral_TopMedPBMC1_041725_SP_188,lymphoid
Astral_TopMedPBMC1_041725_SP_189,unassigned
Astral_TopMedPBMC1_041725_SP_190,unassigned
Astral_TopMedPBMC1_041725_SP_191,unassigned
Astral_TopMedPBMC1_041725_SP_192,unassigned
Astral_TopMedPBMC1_041725_SP_193,unassigned
Astral_TopMedPBMC1_041725_SP_194,unassigned
Astral_TopMedPBMC1_041725_SP_195,unassigned
Astral_TopMedPBMC1_041725_SP_196,unassigned
Astral_TopMedPBMC1_041725_SP_197,lymphoid
Astral_TopMedPBMC1_041725_SP_198,lymphoid
Astral_TopMedPBMC1_041725_SP_199,lymphoid
Astral_TopMedPBMC1_041725_SP_200,lymphoid
Astral_TopMedPBMC1_041725_SP_201,unassigned
Astral_TopMedPBMC1_041725_SP_202,unassigned
Astral_TopMedPBMC1_041725_SP_203,lymphoid
Astral_TopMedPBMC1_041725_SP_204,unassigned
Astral_TopMedPBMC1_041725_SP_205,unassigned
Astral_TopMedPBMC1_041725_SP_206,lymphoid
Astral_TopMedPBMC1_041725_SP_207,unassigned
Astral_TopMedPBMC1_041725_SP_208,lymphoid
Astral_TopMedPBMC1_041725_SP_209,lymphoid
Astral_TopMedPBMC1_041725_SP_210,myeloid
Astral_TopMedPBMC1_041725_SP_211,lymphoid
Astral_TopMedPBMC1_041725_SP_212,lymphoid
Astral_TopMedPBMC1_041725_SP_213,lymphoid
Astral_TopMedPBMC1_041725_SP_214,unassigned
Astral_TopMedPBMC1_041725_SP_215,unassigned
Astral_TopMedPBMC1_041725_SP_216,lymphoid
Astral_TopMedPBMC1_041725_SP_218,lymphoid
Astral_TopMedPBMC1_041725_SP_219,unassigned
Astral_TopMedPBMC1_041725_SP_220,lymphoid
Astral_TopMedPBMC1_041725_SP_221,lymphoid
Astral_TopMedPBMC1_041725_SP_222,lymphoid
Astral_TopMedPBMC1_041725_SP_223,unassigned
Astral_TopMedPBMC1_041725_SP_224,lymphoid
Astral_TopMedPBMC1_041725_SP_225,lymphoid
Astral_TopMedPBMC1_041725_SP_226,lymphoid
Astral_TopMedPBMC1_041725_SP_227,lymphoid
Astral_TopMedPBMC1_041725_SP_228,unassigned
Astral_TopMedPBMC1_041725_SP_229,unassigned
Astral_TopMedPBMC1_041725_SP_230,lymphoid
Astral_TopMedPBMC1_041725_SP_231,unassigned
Astral_TopMedPBMC1_041725_SP_232,lymphoid
Astral_TopMedPBMC1_041725_SP_233,unassigned
Astral_TopMedPBMC1_041725_SP_234,lymphoid
Astral_TopMedPBMC1_041725_SP_235,lymphoid
Astral_TopMedPBMC1_041725_SP_236,lymphoid
Astral_TopMedPBMC1_041725_SP_237,lymphoid
Astral_TopMedPBMC1_041725_SP_238,lymphoid
Astral_TopMedPBMC1_041725_SP_239,lymphoid
Astral_TopMedPBMC1_041725_SP_240,lymphoid
