config,id,scenario,qhat,mean_set_size,top_prob_mean,bal_fine_strict,fine_rate,group_rate,lineage_rate,committed_rate,abstain_rate,abstain_ood,abstain_empty,abstain_ambiguous,abstain_coverage,correct_when_committed
"service today, v3 seed 0 (served)",calib_0014,random_1,0.9129538669162067,1.1467391304347827,0.10223178701342865,24.456521739130434,62.5,0.0,0.0,62.5,37.5,10.326086956521738,2.717391304347826,24.456521739130434,0.0,39.130434782608695
"service today, v3 seed 0 (served)",calib_0015,random_2,0.9366122763789948,2.2839506172839505,0.0998438588354776,0.0,7.4074074074074066,0.0,0.0,7.4074074074074066,92.5925925925926,1.2345679012345678,0.0,91.35802469135803,0.0,0.0
"service today, v3 seed 0 (served)",calib_0016,random_3,0.9212195694267052,1.1982758620689655,0.10516979133253514,61.54908822987659,67.81609195402298,0.0,0.0,67.81609195402298,32.18390804597701,3.7356321839080464,4.310344827586207,24.137931034482758,0.0,70.76271186440678
"service today, v3 seed 0 (served)",calib_0017,random_5,0.9107345428569628,1.4107142857142858,0.10688852284533924,13.480650750866385,46.42857142857143,0.0,0.0,46.42857142857143,53.57142857142857,6.696428571428571,0.8928571428571428,45.982142857142854,0.0,33.65384615384615
"service today, v3 seed 0 (served)",calib_0018,random_8,0.900778213222182,0.9320531757754801,0.11451941965747676,49.886396725106835,84.04726735598229,0.0,0.0,84.04726735598229,15.952732644017726,8.124076809453472,4.431314623338257,3.3973412112259975,0.0,68.54130052724078
"service today, v3 seed 0 (served)",calib_0019,random_1,0.9228029639376367,1.6666666666666667,0.09242827161369453,0.0,10.606060606060606,0.0,0.0,10.606060606060606,89.39393939393939,13.636363636363635,1.5151515151515151,74.24242424242425,0.0,0.0
"service today, v3 seed 0 (served)",calib_0020,random_2,0.9289883170966375,1.4107142857142858,0.08741103787789513,0.0,55.35714285714286,0.0,0.0,55.35714285714286,44.642857142857146,8.928571428571429,3.571428571428571,32.142857142857146,0.0,0.0
"service today, v3 seed 0 (served)",calib_0021,random_3,0.9188231548589105,1.5433526011560694,0.10334243510200637,7.2650775775775776,24.59858702633269,0.0,0.0,24.59858702633269,75.40141297366732,6.872190109184329,4.238921001926782,64.29030186255619,0.0,4.43864229765013
"service today, v3 seed 0 (served)",calib_0022,random_5,0.929871289864148,1.532846715328467,0.10698644850726761,23.589743589743588,55.47445255474452,0.0,0.0,55.47445255474452,44.52554744525548,10.948905109489052,0.7299270072992701,32.846715328467155,0.0,13.157894736842104
"service today, v3 seed 0 (served)",calib_0023,random_8,0.9229844342533188,1.7118644067796611,0.1042996560564341,12.774725274725274,26.27118644067797,0.0,0.0,26.27118644067797,73.72881355932203,6.3559322033898304,2.11864406779661,65.2542372881356,0.0,35.483870967741936
"service today, v3 seed 0 (served)",calib_0024,myeloid,0.9327484696198454,1.703125,0.10191083787178765,17.32704402515723,46.875,0.0,0.0,46.875,53.125,2.34375,0.0,50.78125,0.0,26.666666666666668
"service today, v3 seed 0 (served)",calib_0025,lymphoid,0.9111582907170878,0.9606879606879607,0.10414905359532317,51.26086035176943,78.86977886977887,0.0,0.0,78.86977886977887,21.13022113022113,10.073710073710075,3.194103194103194,7.862407862407863,0.0,63.2398753894081
"service today, v3 seed 0 (served)",calib_0026,pbmc_like,0.9025375474269669,1.1716867469879517,0.10855340885397032,28.174693246904926,61.74698795180723,0.0,0.0,61.74698795180723,38.25301204819277,7.228915662650602,4.518072289156627,26.506024096385545,0.0,31.70731707317073
"service today, v3 seed 0 (served)",calib_0027,scope2_like,0.9125088568902505,1.4425,0.10379951139981192,6.170581440123219,35.25,0.0,0.0,35.25,64.75,6.5,4.0,54.25,0.0,10.638297872340425
"service today, v3 seed 0 (served)",calib_0042,random_1,0.921651494387375,1.445945945945946,0.09694560801737553,0.0,37.83783783783784,0.0,0.0,37.83783783783784,62.16216216216216,14.864864864864865,1.3513513513513513,45.94594594594595,0.0,0.0
"service today, v3 seed 0 (served)",calib_0043,random_2,0.9310784397035996,1.5568181818181819,0.1026143672479673,0.0,46.590909090909086,0.0,0.0,46.590909090909086,53.40909090909091,21.59090909090909,1.1363636363636365,30.681818181818183,0.0,0.0
"service today, v3 seed 0 (served)",calib_0044,random_3,0.9038175667200997,0.9295,0.11945980187574347,35.73693541710599,84.25,0.0,0.0,84.25,15.75,5.35,6.6000000000000005,3.8,0.0,89.08011869436201
"service today, v3 seed 0 (served)",calib_0045,random_5,0.9177700791036156,1.460431654676259,0.10646930164161492,17.6318407960199,48.92086330935252,0.0,0.0,48.92086330935252,51.07913669064749,5.755395683453238,1.4388489208633095,43.884892086330936,0.0,10.294117647058822
"service today, v3 seed 0 (served)",calib_0046,random_8,0.9285366415705139,1.5590551181102361,0.10995070471318659,34.45121951219512,59.84251968503938,0.0,0.0,59.84251968503938,40.15748031496063,3.937007874015748,0.0,36.22047244094488,0.0,60.526315789473685
"service today, v3 seed 0 (served)",calib_0047,random_1,0.9161488367714371,1.12,0.11172646750125945,2.666666666666667,76.0,0.0,0.0,76.0,24.0,4.666666666666667,2.0,17.333333333333336,0.0,3.508771929824561
"service today, v3 seed 0 (served)",calib_0048,random_2,0.9278240802893454,1.6315028901734103,0.08934955524705539,6.924198250728864,35.83815028901734,0.0,0.0,35.83815028901734,64.16184971098265,8.236994219653178,4.190751445086705,51.73410404624278,0.0,38.306451612903224
"service today, v3 seed 0 (served)",calib_0049,random_3,0.8984784407668716,0.9736842105263158,0.11137015249879985,34.74340847087401,86.18421052631578,0.0,0.0,86.18421052631578,13.815789473684212,7.456140350877193,3.508771929824561,2.850877192982456,0.0,30.279898218829516
"service today, v3 seed 0 (served)",calib_0050,random_5,0.9086118236663823,0.9384615384615385,0.10684672190306622,42.5,83.07692307692308,0.0,0.0,83.07692307692308,16.923076923076923,7.6923076923076925,4.615384615384616,4.615384615384616,0.0,14.814814814814813
"service today, v3 seed 0 (served)",calib_0051,random_8,0.9130976825179777,1.110236220472441,0.11284386510394244,32.8125,77.16535433070865,0.0,0.0,77.16535433070865,22.83464566929134,11.811023622047244,0.0,11.023622047244094,0.0,36.734693877551024
"service today, v3 seed 0 (served)",calib_0052,myeloid,0.9228457373790557,1.4133333333333333,0.10473958523755707,23.328658251519403,56.666666666666664,0.0,0.0,56.666666666666664,43.333333333333336,4.0,0.0,39.33333333333333,0.0,29.411764705882355
"service today, v3 seed 0 (served)",calib_0053,lymphoid,0.924157052314357,1.2023608768971332,0.09971939872614229,43.159845618862015,65.7672849915683,0.0,0.0,65.7672849915683,34.232715008431704,5.059021922428331,3.372681281618887,25.801011804384487,0.0,41.53846153846154
"service today, v3 seed 0 (served)",calib_0054,pbmc_like,0.9032135996750174,1.0248756218905473,0.1111032928661155,37.57338446442285,79.60199004975125,0.0,0.0,79.60199004975125,20.398009950248756,7.711442786069651,3.9800995024875623,8.706467661691542,0.0,76.5625
"service today, v3 seed 0 (served)",calib_0055,scope2_like,0.924190936124695,1.625,0.0991235653093576,9.302400205365165,29.75,0.0,0.0,29.75,70.25,4.0,3.25,63.0,0.0,17.647058823529413
"service today, v3 seed 0 (served)",calib_0070,random_1,0.9286435849215622,1.53,0.08748593667566429,26.25,49.5,0.0,0.0,49.5,50.5,3.0,6.25,41.25,0.0,53.03030303030303
"service today, v3 seed 0 (served)",calib_0071,random_2,0.9335051396882501,1.96875,0.0955481498282026,0.0,31.25,0.0,0.0,31.25,68.75,7.03125,0.0,61.71875,0.0,0.0
"service today, v3 seed 0 (served)",calib_0072,random_3,0.8950887794137373,0.9006622516556292,0.11139091023965948,55.67836257309941,84.76821192052981,0.0,0.0,84.76821192052981,15.2317880794702,13.245033112582782,1.9867549668874174,0.0,0.0,62.5
"service today, v3 seed 0 (served)",calib_0073,random_5,0.9112759523185519,1.0067114093959733,0.12162409439291845,52.73846153846154,89.93288590604027,0.0,0.0,89.93288590604027,10.06711409395973,6.7114093959731544,0.6711409395973155,2.684563758389262,0.0,84.32835820895522
"service today, v3 seed 0 (served)",calib_0074,random_8,0.9082835057204848,1.2653061224489797,0.10860962523209013,16.666666666666664,54.08163265306123,0.0,0.0,54.08163265306123,45.91836734693878,10.204081632653061,2.0408163265306123,33.6734693877551,0.0,7.547169811320755
"service today, v3 seed 0 (served)",calib_0075,random_1,0.9188277318564355,1.26,0.10426565949706804,16.0,63.33333333333333,0.0,0.0,63.33333333333333,36.666666666666664,7.333333333333333,0.6666666666666667,28.666666666666668,0.0,25.263157894736842
"service today, v3 seed 0 (served)",calib_0076,random_2,0.924796994997052,1.3280423280423281,0.09792399894606613,50.0,42.857142857142854,0.0,0.0,42.857142857142854,57.14285714285714,7.089947089947089,6.137566137566138,43.91534391534391,0.0,51.85185185185185
"service today, v3 seed 0 (served)",calib_0077,random_3,0.9180768434393065,1.3877551020408163,0.10241247286797939,8.816029143897996,41.49659863945578,0.0,0.0,41.49659863945578,58.50340136054422,8.16326530612245,3.4013605442176873,46.93877551020408,0.0,19.672131147540984
"service today, v3 seed 0 (served)",calib_0078,random_5,0.9251474811549169,1.9333333333333333,0.10152896517738413,37.333333333333336,34.66666666666667,0.0,0.0,34.66666666666667,65.33333333333333,8.0,0.0,57.333333333333336,0.0,73.07692307692307
"service today, v3 seed 0 (served)",calib_0079,random_8,0.9300011834016155,2.066666666666667,0.10372488344152628,22.5,31.666666666666664,0.0,0.0,31.666666666666664,68.33333333333333,5.0,0.0,63.33333333333333,0.0,57.89473684210527
"service today, v3 seed 0 (served)",calib_0080,myeloid,0.9280897950354237,1.5393258426966292,0.10830563467069022,59.43396226415094,51.68539325842697,0.0,0.0,51.68539325842697,48.31460674157304,6.741573033707865,0.0,41.57303370786517,0.0,100.0
"service today, v3 seed 0 (served)",calib_0081,lymphoid,0.9260878114840984,1.5038167938931297,0.10325527611723817,0.3968253968253968,51.908396946564885,0.0,0.0,51.908396946564885,48.091603053435115,6.106870229007633,0.0,41.98473282442748,0.0,1.4705882352941175
"service today, v3 seed 0 (served)",calib_0082,pbmc_like,0.9179934158402177,0.967948717948718,0.10101578640224178,24.49197860962567,64.74358974358975,0.0,0.0,64.74358974358975,35.256410256410255,23.076923076923077,1.9230769230769231,10.256410256410255,0.0,14.85148514851485
"service today, v3 seed 0 (served)",calib_0083,scope2_like,0.9140948167123604,1.471264367816092,0.10313398347316508,9.031080163043478,33.764367816091955,0.0,0.0,33.764367816091955,66.23563218390804,5.603448275862069,4.454022988505748,56.17816091954023,0.0,16.595744680851062
"service today, v3 seed 0 (served)",calib_0098,random_1,0.9157894152389775,1.3584905660377358,0.1079775588846423,0.0,43.39622641509434,0.0,0.0,43.39622641509434,56.60377358490566,7.547169811320755,3.7735849056603774,45.28301886792453,0.0,0.0
"service today, v3 seed 0 (served)",calib_0099,random_2,0.9272082049053886,1.2685950413223142,0.10376010555988763,23.37431693989071,66.94214876033058,0.0,0.0,66.94214876033058,33.057851239669425,2.479338842975207,0.8264462809917356,28.92561983471074,0.8264462809917356,35.18518518518518
"service today, v3 seed 0 (served)",calib_0100,random_3,0.9176436694305822,0.9733333333333334,0.10315439357008724,46.07843137254902,82.66666666666667,0.0,0.0,82.66666666666667,17.333333333333336,6.666666666666667,4.666666666666667,6.0,0.0,73.38709677419355
"service today, v3 seed 0 (served)",calib_0101,random_5,0.9110950728124793,1.1476510067114094,0.10881962642232504,77.84615384615385,78.52348993288591,0.0,0.0,78.52348993288591,21.476510067114095,2.684563758389262,2.013422818791946,16.778523489932887,0.0,77.77777777777779
"service today, v3 seed 0 (served)",calib_0102,random_8,0.9169674997235413,1.2526315789473683,0.10228912037816199,8.50985221674877,62.10526315789474,0.0,0.0,62.10526315789474,37.89473684210527,6.842105263157896,2.1052631578947367,28.947368421052634,0.0,11.016949152542372
"service today, v3 seed 0 (served)",calib_0103,random_1,0.9247389135032652,1.5375,0.10004263146426429,12.25,49.75,0.0,0.0,49.75,50.24999999999999,1.7500000000000002,3.5000000000000004,45.0,0.0,24.623115577889447
"service today, v3 seed 0 (served)",calib_0104,random_2,0.9209664748164954,1.2397590361445783,0.09939246886800361,29.137309685779073,60.96385542168675,0.0,0.0,60.96385542168675,39.036144578313255,4.457831325301205,4.216867469879518,30.361445783132528,0.0,78.26086956521739
"service today, v3 seed 0 (served)",calib_0105,random_3,0.9201657019151764,1.02,0.11508349733558285,29.743589743589745,82.25,0.0,0.0,82.25,17.75,4.25,4.5,9.0,0.0,91.1854103343465
"service today, v3 seed 0 (served)",calib_0106,random_5,0.9036130536070008,1.0267379679144386,0.11200809479646975,32.77888523171542,81.55080213903744,0.0,0.0,81.55080213903744,18.449197860962567,7.219251336898395,1.8716577540106951,9.358288770053475,0.0,36.39344262295082
"service today, v3 seed 0 (served)",calib_0107,random_8,0.9184273199436305,1.2553191489361701,0.10510675555148673,30.93386876281613,61.702127659574465,0.0,0.0,61.702127659574465,38.297872340425535,11.347517730496454,2.127659574468085,24.822695035460992,0.0,41.37931034482759
"service today, v3 seed 0 (served)",calib_0108,myeloid,0.914946713462755,1.250632911392405,0.10467080280405819,30.782828282828277,57.974683544303794,0.0,0.0,57.974683544303794,42.025316455696206,6.329113924050633,3.5443037974683547,32.151898734177216,0.0,14.41048034934498
"service today, v3 seed 0 (served)",calib_0109,lymphoid,0.9259445023696914,1.8,0.09257544587671726,10.0,18.0,0.0,0.0,18.0,82.0,4.0,0.0,78.0,0.0,44.44444444444444
"service today, v3 seed 0 (served)",calib_0110,pbmc_like,0.9125932021891197,1.256857855361596,0.1059912899963501,24.92950044941876,55.36159600997507,0.0,0.0,55.36159600997507,44.63840399002494,5.985037406483791,3.99002493765586,34.413965087281795,0.24937655860349126,47.2972972972973
"service today, v3 seed 0 (served)",calib_0111,scope2_like,0.9124416580427619,1.4152298850574712,0.10369585361075324,17.136548913043477,38.50574712643678,0.0,0.0,38.50574712643678,61.49425287356321,3.7356321839080464,6.4655172413793105,51.293103448275865,0.0,30.223880597014922
"service today, v3 seed 0 (served)",calib_0126,random_1,0.9252241729337543,1.34,0.09548297096601731,44.666666666666664,56.666666666666664,0.0,0.0,56.666666666666664,43.333333333333336,6.0,3.3333333333333335,34.0,0.0,78.82352941176471
"service today, v3 seed 0 (served)",calib_0127,random_2,0.9133976751733073,0.9066666666666666,0.11559186079849297,40.0,84.66666666666667,0.0,0.0,84.66666666666667,15.333333333333332,6.666666666666667,6.666666666666667,2.0,0.0,88.18897637795276
"service today, v3 seed 0 (served)",calib_0128,random_3,0.9203020010010747,1.5393258426966292,0.10435865251741877,16.96390201976794,40.44943820224719,0.0,0.0,40.44943820224719,59.55056179775281,3.3707865168539324,1.1235955056179776,55.0561797752809,0.0,68.51851851851852
"service today, v3 seed 0 (served)",calib_0129,random_5,0.9151848722688531,1.1542553191489362,0.11408824716283177,42.256871035940804,79.25531914893617,0.0,0.0,79.25531914893617,20.74468085106383,3.1914893617021276,1.0638297872340425,16.48936170212766,0.0,98.65771812080537
"service today, v3 seed 0 (served)",calib_0130,random_8,0.9065516975391996,0.9654427645788337,0.10812071553646205,49.99507944083257,85.09719222462203,0.0,0.0,85.09719222462203,14.902807775377969,7.127429805615551,2.375809935205184,5.399568034557236,0.0,47.71573604060914
"service today, v3 seed 0 (served)",calib_0131,random_1,0.9279357795294458,1.7547169811320755,0.10654013237815675,0.0,30.18867924528302,0.0,0.0,30.18867924528302,69.81132075471697,3.7735849056603774,0.0,66.0377358490566,0.0,0.0
"service today, v3 seed 0 (served)",calib_0132,random_2,0.9057712937184385,1.005,0.10911932452305223,38.33820232352741,82.5,0.0,0.0,82.5,17.5,4.0,5.0,8.5,0.0,76.36363636363637
"service today, v3 seed 0 (served)",calib_0133,random_3,0.9066775989498521,0.925,0.10975919991387557,31.83738304706047,77.75,0.0,0.0,77.75,22.25,7.5,7.75,7.000000000000001,0.0,66.88102893890675
"service today, v3 seed 0 (served)",calib_0134,random_5,0.9005987407816535,1.0217391304347827,0.10570490907588337,14.444444444444443,67.3913043478261,0.0,0.0,67.3913043478261,32.608695652173914,13.043478260869565,5.434782608695652,14.130434782608695,0.0,20.967741935483872
"service today, v3 seed 0 (served)",calib_0135,random_8,0.8947965149857905,0.84,0.11583783353790243,45.90909090909091,83.2,0.0,0.0,83.2,16.8,5.6000000000000005,11.200000000000001,0.0,0.0,67.3076923076923
"service today, v3 seed 0 (served)",calib_0136,myeloid,0.9202898861446012,1.2682926829268293,0.10577962697696215,35.14388399118413,63.82113821138211,0.0,0.0,63.82113821138211,36.17886178861789,4.471544715447155,2.4390243902439024,29.268292682926827,0.0,35.6687898089172
"service today, v3 seed 0 (served)",calib_0137,lymphoid,0.9152955505781962,1.125,0.10468533261431827,37.644807564775014,72.25,0.0,0.0,72.25,27.750000000000004,5.75,2.5,19.5,0.0,42.90657439446367
"service today, v3 seed 0 (served)",calib_0138,pbmc_like,0.9093018779636676,1.25,0.10858969621580195,33.2658433424717,65.0,0.0,0.0,65.0,35.0,4.375,1.25,29.375,0.0,67.3076923076923
"service today, v3 seed 0 (served)",calib_0139,scope2_like,0.9172155891718163,1.5733333333333333,0.10542513865488043,12.5,31.333333333333336,0.0,0.0,31.333333333333336,68.66666666666667,9.333333333333334,0.0,59.333333333333336,0.0,21.27659574468085
"service today, v3 seed 0 (served)",calib_0154,random_1,0.9238035894319999,1.4528301886792452,0.09604539940543137,0.0,26.41509433962264,0.0,0.0,26.41509433962264,73.58490566037736,13.20754716981132,5.660377358490567,54.71698113207547,0.0,0.0
"service today, v3 seed 0 (served)",calib_0155,random_2,0.9166248329337949,1.212962962962963,0.10204742212212702,0.0,57.407407407407405,0.0,0.0,57.407407407407405,42.592592592592595,9.5679012345679,2.7777777777777777,30.246913580246915,0.0,0.0
"service today, v3 seed 0 (served)",calib_0156,random_3,0.9126365184143155,0.91,0.12323367158798604,64.76190476190476,91.0,0.0,0.0,91.0,9.0,6.25,2.75,0.0,0.0,94.78021978021978
"service today, v3 seed 0 (served)",calib_0157,random_5,0.9299636680608689,1.4382022471910112,0.08617824630935116,7.179487179487179,40.44943820224719,0.0,0.0,40.44943820224719,59.55056179775281,15.730337078651685,2.247191011235955,41.57303370786517,0.0,13.88888888888889
"service today, v3 seed 0 (served)",calib_0158,random_8,0.9057787480192032,0.945,0.11549534348747961,43.39644405201714,86.75,0.0,0.0,86.75,13.25,5.0,4.75,3.5000000000000004,0.0,61.38328530259366
"service today, v3 seed 0 (served)",calib_0159,random_1,0.9138172110623797,1.42,0.10561117138200975,6.666666666666667,40.0,0.0,0.0,40.0,60.0,7.333333333333333,2.666666666666667,49.333333333333336,0.6666666666666667,16.666666666666664
"service today, v3 seed 0 (served)",calib_0160,random_2,0.9124010988609229,1.3369565217391304,0.1057520439068628,18.96551724137931,51.63043478260869,0.0,0.0,51.63043478260869,48.369565217391305,6.521739130434782,2.717391304347826,39.130434782608695,0.0,11.578947368421053
"service today, v3 seed 0 (served)",calib_0161,random_3,0.9307961383844991,1.2526315789473683,0.11150188309007997,0.0,71.57894736842105,0.0,0.0,71.57894736842105,28.421052631578945,9.473684210526317,0.0,18.947368421052634,0.0,0.0
"service today, v3 seed 0 (served)",calib_0162,random_5,0.9260629483841275,1.266304347826087,0.09954689276147369,12.200094831673777,65.76086956521739,0.0,0.0,65.76086956521739,34.23913043478261,8.152173913043478,1.0869565217391304,25.0,0.0,28.92561983471074
"service today, v3 seed 0 (served)",calib_0163,random_8,0.9380954351065305,2.2916666666666665,0.10173965642011318,13.461538461538462,29.166666666666668,0.0,0.0,29.166666666666668,70.83333333333334,2.5,0.0,68.33333333333333,0.0,85.71428571428571
"service today, v3 seed 0 (served)",calib_0164,myeloid,0.9171290637014693,1.3533333333333333,0.10649969276812499,2.631578947368421,52.0,0.0,0.0,52.0,48.0,12.666666666666668,0.0,35.333333333333336,0.0,2.564102564102564
"service today, v3 seed 0 (served)",calib_0165,lymphoid,0.9228934198089831,1.1023809523809525,0.10032760555683161,34.551074528171924,78.0952380952381,0.0,0.0,78.0952380952381,21.904761904761905,2.857142857142857,4.285714285714286,14.761904761904763,0.0,34.45121951219512
"service today, v3 seed 0 (served)",calib_0166,pbmc_like,0.9048697358946063,1.16875,0.11018914671889135,32.59863593196927,63.125,0.0,0.0,63.125,36.875,11.25,1.875,23.75,0.0,34.65346534653465
"service today, v3 seed 0 (served)",calib_0167,scope2_like,0.9270439534869571,1.7,0.10475123271447434,0.0,35.333333333333336,0.0,0.0,35.333333333333336,64.66666666666666,2.666666666666667,1.3333333333333335,60.66666666666667,0.0,0.0
"service today, v3 seed 0 (served)",calib_0182,random_1,0.9125899983054601,1.214,0.10490972262581598,14.6,57.099999999999994,0.0,0.0,57.099999999999994,42.9,5.3,5.6000000000000005,32.0,0.0,25.569176882662
"service today, v3 seed 0 (served)",calib_0183,random_2,0.9181300678259502,1.608695652173913,0.10257159330445202,0.0,30.434782608695656,0.0,0.0,30.434782608695656,69.56521739130434,4.3478260869565215,4.3478260869565215,60.86956521739131,0.0,0.0
"service today, v3 seed 0 (served)",calib_0184,random_3,0.9271963298069243,1.3101265822784811,0.10001399808892111,40.465072253423365,70.88607594936708,0.0,0.0,70.88607594936708,29.11392405063291,4.430379746835443,0.6329113924050633,24.050632911392405,0.0,69.64285714285714
"service today, v3 seed 0 (served)",calib_0185,random_5,0.9188222381275959,1.1456953642384107,0.10561135926580043,17.93778801843318,63.576158940397356,0.0,0.0,63.576158940397356,36.423841059602644,8.609271523178808,2.6490066225165565,25.165562913907287,0.0,56.25
"service today, v3 seed 0 (served)",calib_0186,random_8,0.9044339408228385,0.9002375296912114,0.11950700102306958,62.14603346190698,86.46080760095012,0.0,0.0,86.46080760095012,13.539192399049881,6.88836104513064,5.819477434679335,0.831353919239905,0.0,85.3021978021978
"service today, v3 seed 0 (served)",calib_0187,random_1,0.9226316659660128,1.52,0.09704427266668834,0.0,41.333333333333336,0.0,0.0,41.333333333333336,58.666666666666664,3.3333333333333335,1.3333333333333335,54.0,0.0,0.0
"service today, v3 seed 0 (served)",calib_0188,random_2,0.919616862739312,1.174074074074074,0.1063690685206451,36.18741692512184,75.18518518518519,0.0,0.0,75.18518518518519,24.814814814814813,3.7037037037037033,1.1111111111111112,20.0,0.0,43.84236453201971
"service today, v3 seed 0 (served)",calib_0189,random_3,0.9126148239489655,1.4903846153846154,0.10311834526085926,25.0,32.69230769230769,0.0,0.0,32.69230769230769,67.3076923076923,9.615384615384617,1.9230769230769231,55.769230769230774,0.0,8.823529411764707
"service today, v3 seed 0 (served)",calib_0190,random_5,0.9067056148582269,1.2241630276564774,0.10746782338229194,42.65864412374919,58.369723435225616,0.0,0.0,58.369723435225616,41.630276564774384,3.4934497816593884,6.550218340611353,31.58660844250364,0.0,71.571072319202
"service today, v3 seed 0 (served)",calib_0191,random_8,0.9071968539021282,1.0148883374689825,0.10965690301583728,19.758547008547005,78.16377171215882,0.0,0.0,78.16377171215882,21.83622828784119,6.451612903225806,3.970223325062035,10.918114143920596,0.49627791563275436,40.63492063492063
"service today, v3 seed 0 (served)",calib_0192,myeloid,0.9160210486258961,1.1948051948051948,0.11847814000985371,26.872184684684687,70.77922077922078,0.0,0.0,70.77922077922078,29.22077922077922,6.493506493506493,0.6493506493506493,22.07792207792208,0.0,87.1559633027523
"service today, v3 seed 0 (served)",calib_0193,lymphoid,0.9246366290776186,1.607843137254902,0.1016190053866464,2.083333333333333,41.17647058823529,0.0,0.0,41.17647058823529,58.82352941176471,3.9215686274509802,0.0,54.90196078431373,0.0,4.761904761904762
"service today, v3 seed 0 (served)",calib_0194,pbmc_like,0.9025489288376247,1.135374149659864,0.10917173007989335,40.63895085433061,63.26530612244898,0.0,0.0,63.26530612244898,36.734693877551024,5.646258503401361,6.530612244897959,24.5578231292517,0.0,55.26881720430108
"service today, v3 seed 0 (served)",calib_0195,scope2_like,0.9220606415386904,1.5333333333333334,0.10038179681718701,8.75,30.666666666666664,0.0,0.0,30.666666666666664,69.33333333333334,11.333333333333332,1.3333333333333335,56.666666666666664,0.0,15.217391304347828
"service today, v3 seed 0 (served)",calib_0210,random_1,0.9276968792128055,1.0588235294117647,0.09144569600093416,0.2178649237472767,74.07407407407408,0.0,0.0,74.07407407407408,25.925925925925924,5.88235294117647,5.88235294117647,14.161220043572984,0.0,0.29411764705882354
"service today, v3 seed 0 (served)",calib_0211,random_2,0.9085021561478618,1.0133333333333334,0.11903572209400262,78.54197901049476,86.66666666666667,0.0,0.0,86.66666666666667,13.333333333333334,6.0,1.3333333333333335,6.0,0.0,95.38461538461539
"service today, v3 seed 0 (served)",calib_0212,random_3,0.9228469611725243,1.4866666666666666,0.0996126079094284,19.720475192173303,44.0,0.0,0.0,44.0,56.00000000000001,7.333333333333333,0.6666666666666667,48.0,0.0,46.96969696969697
"service today, v3 seed 0 (served)",calib_0213,random_5,0.929162228229541,1.6097560975609757,0.10053840811449606,26.666666666666668,53.65853658536586,0.0,0.0,53.65853658536586,46.34146341463415,7.317073170731707,2.4390243902439024,36.58536585365854,0.0,59.09090909090909
"service today, v3 seed 0 (served)",calib_0214,random_8,0.9031322420411414,1.0258620689655173,0.11098719778298781,42.3266806722689,86.20689655172413,0.0,0.0,86.20689655172413,13.793103448275861,3.8793103448275863,2.586206896551724,7.327586206896551,0.0,45.5
"service today, v3 seed 0 (served)",calib_0215,random_1,0.9261405989107568,1.2875,0.0890517366260572,0.0,51.0,0.0,0.0,51.0,49.0,6.25,8.75,34.0,0.0,0.0
"service today, v3 seed 0 (served)",calib_0216,random_2,0.9249351711625157,1.6521739130434783,0.09946366203464409,0.0,34.78260869565217,0.0,0.0,34.78260869565217,65.21739130434783,4.3478260869565215,4.3478260869565215,56.52173913043478,0.0,0.0
"service today, v3 seed 0 (served)",calib_0217,random_3,0.9147691012592696,0.9939577039274925,0.1150295929497557,80.2536231884058,89.72809667673715,0.0,0.0,89.72809667673715,10.27190332326284,3.0211480362537766,2.416918429003021,4.833836858006042,0.0,74.74747474747475
"service today, v3 seed 0 (served)",calib_0218,random_5,0.9142762752515377,0.9925,0.1050215543755478,51.46130399747749,80.0,0.0,0.0,80.0,20.0,8.25,3.0,8.75,0.0,35.0
"service today, v3 seed 0 (served)",calib_0219,random_8,0.9105788808353215,0.971830985915493,0.11225519829059181,41.11842105263158,92.25352112676056,0.0,0.0,92.25352112676056,7.746478873239436,6.338028169014084,0.0,1.4084507042253522,0.0,33.587786259541986
"service today, v3 seed 0 (served)",calib_0220,myeloid,0.9310687713622793,1.8706896551724137,0.09702316438116784,34.08018867924528,36.206896551724135,0.0,0.0,36.206896551724135,63.793103448275865,6.0344827586206895,0.8620689655172413,56.896551724137936,0.0,45.23809523809524
"service today, v3 seed 0 (served)",calib_0221,lymphoid,0.9140028797541974,0.9933333333333333,0.10397487070987475,39.874014874014875,83.33333333333334,0.0,0.0,83.33333333333334,16.666666666666664,7.333333333333333,2.0,7.333333333333333,0.0,51.2
"service today, v3 seed 0 (served)",calib_0222,pbmc_like,0.9035851684681372,1.0392156862745099,0.10735789739922877,29.245230078563416,69.28104575163398,0.0,0.0,69.28104575163398,30.718954248366014,7.8431372549019605,6.535947712418301,16.33986928104575,0.0,45.28301886792453
"service today, v3 seed 0 (served)",calib_0223,scope2_like,0.9084391204325787,0.9324712643678161,0.10542920963905952,35.44497282608695,82.18390804597702,0.0,0.0,82.18390804597702,17.81609195402299,6.896551724137931,5.459770114942529,4.885057471264368,0.5747126436781609,59.09090909090909
"service today, v3 seed 0 (served)",calib_0238,random_1,0.9200731545955743,1.219,0.10187448961357455,39.300000000000004,55.00000000000001,0.0,0.0,55.00000000000001,45.0,7.3999999999999995,5.3,32.300000000000004,0.0,71.45454545454545
"service today, v3 seed 0 (served)",calib_0239,random_2,0.9225200900300508,1.0983213429256595,0.10335061482436272,26.66658891584251,76.2589928057554,0.0,0.0,76.2589928057554,23.741007194244602,6.954436450839328,1.6786570743405276,15.107913669064748,0.0,38.9937106918239
"service today, V2 seed 4",calib_0014,random_1,0.9230550438683838,1.8315217391304348,0.08891150256700948,22.82608695652174,29.347826086956523,0.0,0.0,29.347826086956523,70.65217391304348,8.695652173913043,2.717391304347826,59.2391304347826,0.0,77.77777777777779
"service today, V2 seed 4",calib_0015,random_2,0.9304236156424036,1.5061728395061729,0.09375665170313907,33.03921568627451,44.44444444444444,0.0,0.0,44.44444444444444,55.55555555555556,9.876543209876543,7.4074074074074066,38.2716049382716,0.0,91.66666666666666
"service today, V2 seed 4",calib_0016,random_3,0.9072931846290835,0.9885057471264368,0.10898038691513873,75.89488549149628,81.60919540229885,0.0,0.0,81.60919540229885,18.39080459770115,6.0344827586206895,5.459770114942529,6.896551724137931,0.0,80.28169014084507
"service today, V2 seed 4",calib_0017,random_5,0.910408581677472,1.3705357142857142,0.10325811607010851,35.84549480169426,42.857142857142854,0.0,0.0,42.857142857142854,57.14285714285714,8.482142857142858,4.910714285714286,43.75,0.0,79.16666666666666
"service today, V2 seed 4",calib_0018,random_8,0.906881667649047,1.3338257016248154,0.10695408023661665,44.980357532028826,50.66469719350074,0.0,0.0,50.66469719350074,49.33530280649926,5.1698670605613,3.9881831610044314,40.177252584933534,0.0,83.96501457725948
"service today, V2 seed 4",calib_0019,random_1,0.9338525881565394,2.090909090909091,0.08180273458026192,4.545454545454546,9.090909090909092,0.0,0.0,9.090909090909092,90.9090909090909,1.5151515151515151,0.0,89.39393939393939,0.0,50.0
"service today, V2 seed 4",calib_0020,random_2,0.9367153550865163,2.607142857142857,0.07823308838602232,0.0,3.571428571428571,0.0,0.0,3.571428571428571,96.42857142857143,12.5,1.7857142857142856,82.14285714285714,0.0,0.0
"service today, V2 seed 4",calib_0021,random_3,0.9176296839423892,1.9428387925497752,0.09912653564260934,2.5085173376242835,5.5876685934489405,0.0,0.0,5.5876685934489405,94.41233140655106,4.8169556840077075,4.367373153500321,85.22800256904303,0.0,65.51724137931035
"service today, V2 seed 4",calib_0022,random_5,0.9282558616267866,2.394160583941606,0.0977306905015874,35.256410256410255,27.73722627737226,0.0,0.0,27.73722627737226,72.26277372262774,10.218978102189782,0.0,62.04379562043796,0.0,84.21052631578947
"service today, V2 seed 4",calib_0023,random_8,0.9039831669454353,1.347457627118644,0.10679218549764807,40.664486577285594,42.3728813559322,0.0,0.0,42.3728813559322,57.6271186440678,6.779661016949152,6.3559322033898304,44.49152542372881,0.0,78.0
"service today, V2 seed 4",calib_0024,myeloid,0.9308570316706188,2.7421875,0.09201612489015214,22.0125786163522,28.90625,0.0,0.0,28.90625,71.09375,1.5625,2.34375,67.1875,0.0,94.5945945945946
"service today, V2 seed 4",calib_0025,lymphoid,0.9105104098273777,1.5724815724815724,0.10945778896610732,33.651197287560926,31.941031941031937,0.0,0.0,31.941031941031937,68.05896805896806,3.43980343980344,2.457002457002457,62.16216216216216,0.0,95.38461538461539
"service today, V2 seed 4",calib_0026,pbmc_like,0.9073595742108524,1.605421686746988,0.10540439111186353,20.32921810699588,23.795180722891565,0.0,0.0,23.795180722891565,76.20481927710844,9.33734939759036,3.0120481927710845,63.85542168674698,0.0,69.62025316455697
"service today, V2 seed 4",calib_0027,scope2_like,0.917741657244734,1.515,0.09474147738576867,41.63136952894365,40.25,0.0,0.0,40.25,59.75,3.5000000000000004,3.25,53.0,0.0,68.32298136645963
"service today, V2 seed 4",calib_0042,random_1,0.9321168556269144,2.0405405405405403,0.08188308280195188,0.0,5.405405405405405,0.0,0.0,5.405405405405405,94.5945945945946,27.027027027027028,8.108108108108109,59.45945945945946,0.0,0.0
"service today, V2 seed 4",calib_0043,random_2,0.9275838677560987,1.4090909090909092,0.10669178041848354,50.804597701149426,67.04545454545455,0.0,0.0,67.04545454545455,32.95454545454545,7.954545454545454,0.0,25.0,0.0,98.30508474576271
"service today, V2 seed 4",calib_0044,random_3,0.9004717710093425,0.9905,0.11772274828264231,31.42177651772535,79.65,0.0,0.0,79.65,20.349999999999998,5.2,5.45,9.700000000000001,0.0,99.2467043314501
"service today, V2 seed 4",calib_0045,random_5,0.9236763590323411,2.287769784172662,0.1025228638617789,25.900497512437816,22.302158273381295,0.0,0.0,22.302158273381295,77.6978417266187,3.597122302158273,0.0,74.10071942446042,0.0,100.0
"service today, V2 seed 4",calib_0046,random_8,0.915279384387081,1.2992125984251968,0.11095597103183222,44.574864498644985,64.56692913385827,0.0,0.0,64.56692913385827,35.43307086614173,7.086614173228346,0.7874015748031495,27.559055118110237,0.0,81.70731707317073
"service today, V2 seed 4",calib_0047,random_1,0.9239242727076085,2.1,0.08964792620209001,22.666666666666664,29.333333333333332,0.0,0.0,29.333333333333332,70.66666666666667,5.333333333333334,4.0,61.33333333333333,0.0,77.27272727272727
"service today, V2 seed 4",calib_0048,random_2,0.9244040046887239,1.9219653179190752,0.09144782339506835,0.7288629737609329,4.76878612716763,0.0,0.0,4.76878612716763,95.23121387283237,5.346820809248555,6.213872832369942,83.67052023121387,0.0,30.303030303030305
"service today, V2 seed 4",calib_0049,random_3,0.905722405946095,1.4210526315789473,0.10410033132520156,16.151059085841695,31.359649122807014,0.0,0.0,31.359649122807014,68.64035087719299,7.017543859649122,7.894736842105263,53.72807017543859,0.0,53.84615384615385
"service today, V2 seed 4",calib_0050,random_5,0.9264951113810939,2.292307692307692,0.09814089941982784,26.583333333333332,21.53846153846154,0.0,0.0,21.53846153846154,78.46153846153847,7.6923076923076925,0.0,70.76923076923077,0.0,85.71428571428571
"service today, V2 seed 4",calib_0051,random_8,0.9162647076073978,1.7480314960629921,0.10829962707787529,35.62652625152625,43.30708661417323,0.0,0.0,43.30708661417323,56.69291338582677,4.724409448818897,0.0,51.96850393700787,0.0,81.81818181818183
"service today, V2 seed 4",calib_0052,myeloid,0.9237418336540641,2.033333333333333,0.09439063955640935,15.458937198067632,23.333333333333332,0.0,0.0,23.333333333333332,76.66666666666667,6.666666666666667,0.6666666666666667,69.33333333333334,0.0,91.42857142857143
"service today, V2 seed 4",calib_0053,lymphoid,0.9026116932088654,1.4569983136593592,0.10860459712545587,48.31594634873323,33.726812816188875,0.0,0.0,33.726812816188875,66.27318718381113,3.204047217537943,7.082630691399664,55.98650927487352,0.0,85.0
"service today, V2 seed 4",calib_0054,pbmc_like,0.8989170777975273,1.2213930348258706,0.10924356142907668,19.20653953028054,48.507462686567166,0.0,0.0,48.507462686567166,51.49253731343284,11.194029850746269,4.975124378109453,35.32338308457712,0.0,93.33333333333333
"service today, V2 seed 4",calib_0055,scope2_like,0.9235702398915643,1.8925,0.09263041262457755,28.340392760877936,23.5,0.0,0.0,23.5,76.5,3.5000000000000004,2.0,71.0,0.0,65.95744680851064
"service today, V2 seed 4",calib_0070,random_1,0.9195320542190764,0.985,0.09633148385230099,75.75,77.75,0.0,0.0,77.75,22.25,7.5,6.5,8.25,0.0,97.42765273311898
"service today, V2 seed 4",calib_0071,random_2,0.936724269829679,1.8828125,0.10210833870837643,24.18032786885246,46.09375,0.0,0.0,46.09375,53.90625,8.59375,0.0,45.3125,0.0,100.0
"service today, V2 seed 4",calib_0072,random_3,0.9065450706445931,1.3973509933774835,0.11078733779590164,46.96969696969697,43.70860927152318,0.0,0.0,43.70860927152318,56.29139072847682,9.933774834437086,0.6622516556291391,45.6953642384106,0.0,98.48484848484848
"service today, V2 seed 4",calib_0073,random_5,0.9045867809485408,1.0536912751677852,0.11808758291524393,45.580952380952375,77.18120805369128,0.0,0.0,77.18120805369128,22.818791946308725,4.697986577181208,6.0402684563758395,12.080536912751679,0.0,95.65217391304348
"service today, V2 seed 4",calib_0074,random_8,0.9353296303523818,3.3877551020408165,0.1013097854268743,12.5,4.081632653061225,0.0,0.0,4.081632653061225,95.91836734693877,1.0204081632653061,0.0,94.89795918367348,0.0,75.0
"service today, V2 seed 4",calib_0075,random_1,0.9279110057077189,2.4266666666666667,0.08893560769887952,18.0,20.666666666666668,0.0,0.0,20.666666666666668,79.33333333333333,4.0,2.666666666666667,72.66666666666667,0.0,87.09677419354838
"service today, V2 seed 4",calib_0076,random_2,0.9058074984154793,1.492063492063492,0.10648771786704213,50.034013605442176,25.396825396825395,0.0,0.0,25.396825396825395,74.60317460317461,9.312169312169312,5.396825396825397,59.894179894179885,0.0,88.75
"service today, V2 seed 4",calib_0077,random_3,0.9199780516828724,2.3537414965986394,0.10111219129702714,10.0,7.482993197278912,0.0,0.0,7.482993197278912,92.51700680272108,6.122448979591836,0.0,86.39455782312925,0.0,81.81818181818183
"service today, V2 seed 4",calib_0078,random_5,0.9108459255334507,1.0266666666666666,0.10756802677855558,69.25806451612904,80.0,0.0,0.0,80.0,20.0,2.666666666666667,6.666666666666667,10.666666666666668,0.0,91.66666666666666
"service today, V2 seed 4",calib_0079,random_8,0.915336178082908,1.6,0.10518093685027315,43.541666666666664,41.66666666666667,0.0,0.0,41.66666666666667,58.333333333333336,13.333333333333334,0.0,45.0,0.0,88.0
"service today, V2 seed 4",calib_0080,myeloid,0.91022033959427,1.1573033707865168,0.10967068484122856,69.81132075471699,65.1685393258427,0.0,0.0,65.1685393258427,34.831460674157306,7.865168539325842,3.3707865168539324,23.595505617977526,0.0,98.27586206896551
"service today, V2 seed 4",calib_0081,lymphoid,0.9189995643387922,1.3587786259541985,0.1119486818152021,62.324929971988794,71.7557251908397,0.0,0.0,71.7557251908397,28.24427480916031,6.106870229007633,0.0,22.137404580152673,0.0,100.0
"service today, V2 seed 4",calib_0082,pbmc_like,0.9153617720907657,1.8397435897435896,0.10237168574624048,19.444444444444446,10.256410256410255,0.0,0.0,10.256410256410255,89.74358974358975,7.051282051282051,1.9230769230769231,80.76923076923077,0.0,68.75
"service today, V2 seed 4",calib_0083,scope2_like,0.9165610765050193,1.4913793103448276,0.09497853832780657,38.28125,36.637931034482754,0.0,0.0,36.637931034482754,63.36206896551724,6.0344827586206895,3.4482758620689653,53.879310344827594,0.0,73.33333333333333
"service today, V2 seed 4",calib_0098,random_1,0.9330827538353177,2.188679245283019,0.08754865494012612,16.9811320754717,22.641509433962266,0.0,0.0,22.641509433962266,77.35849056603774,3.7735849056603774,1.8867924528301887,71.69811320754717,0.0,75.0
"service today, V2 seed 4",calib_0099,random_2,0.9237791914923359,1.4669421487603307,0.10957621852221616,45.90163934426229,47.5206611570248,0.0,0.0,47.5206611570248,52.47933884297521,1.2396694214876034,2.479338842975207,47.93388429752066,0.8264462809917356,97.3913043478261
"service today, V2 seed 4",calib_0100,random_3,0.9113965140489451,1.32,0.1099825095422073,29.08496732026144,64.0,0.0,0.0,64.0,36.0,4.666666666666667,2.0,29.333333333333332,0.0,92.70833333333334
"service today, V2 seed 4",calib_0101,random_5,0.8916323715797176,1.2483221476510067,0.11660623280531733,69.7979797979798,63.08724832214765,0.0,0.0,63.08724832214765,36.91275167785235,4.697986577181208,3.3557046979865772,28.859060402684566,0.0,100.0
"service today, V2 seed 4",calib_0102,random_8,0.9237186345167021,1.6736842105263159,0.10466144613282749,15.589080459770116,35.26315789473684,0.0,0.0,35.26315789473684,64.73684210526316,4.2105263157894735,2.631578947368421,57.89473684210527,0.0,82.08955223880598
"service today, V2 seed 4",calib_0103,random_1,0.927891675974634,2.3375,0.08416351211873323,0.25,13.5,0.0,0.0,13.5,86.5,8.0,3.25,75.25,0.0,1.8518518518518516
"service today, V2 seed 4",calib_0104,random_2,0.9121828461230023,1.7409638554216869,0.10101957019790658,2.696793002915452,8.795180722891565,0.0,0.0,8.795180722891565,91.20481927710843,6.746987951807229,3.2530120481927707,81.20481927710843,0.0,50.68493150684932
"service today, V2 seed 4",calib_0105,random_3,0.9066884221290021,0.935,0.11683526013902135,76.05351170568562,92.25,0.0,0.0,92.25,7.75,2.25,5.0,0.5,0.0,98.6449864498645
"service today, V2 seed 4",calib_0106,random_5,0.9054387365701156,1.2593582887700534,0.10487405595319184,37.439467769656446,49.73262032085562,0.0,0.0,49.73262032085562,50.26737967914438,7.4866310160427805,5.88235294117647,36.898395721925134,0.0,51.61290322580645
"service today, V2 seed 4",calib_0107,random_8,0.9177635785363628,1.7304964539007093,0.10686313254936203,40.65091706539075,31.914893617021278,0.0,0.0,31.914893617021278,68.08510638297872,4.964539007092199,0.0,63.12056737588653,0.0,88.88888888888889
"service today, V2 seed 4",calib_0108,myeloid,0.9209889206250114,1.7746835443037974,0.09216167530828473,26.767676767676768,29.11392405063291,0.0,0.0,29.11392405063291,70.88607594936708,2.5316455696202533,5.063291139240507,63.29113924050633,0.0,30.434782608695656
"service today, V2 seed 4",calib_0109,lymphoid,0.9365579662519681,2.7,0.08243632718227899,2.5,4.0,0.0,0.0,4.0,96.0,10.0,2.0,84.0,0.0,50.0
"service today, V2 seed 4",calib_0110,pbmc_like,0.9177139481244406,1.9002493765586035,0.10426254452575472,17.104377104377104,11.221945137157107,0.0,0.0,11.221945137157107,88.7780548628429,2.2443890274314215,2.7431421446384037,83.54114713216958,0.24937655860349126,75.55555555555556
"service today, V2 seed 4",calib_0111,scope2_like,0.9199624840121787,1.6422413793103448,0.0931507301701335,29.411514945652172,26.580459770114945,0.0,0.0,26.580459770114945,73.41954022988506,3.7356321839080464,4.022988505747127,65.66091954022988,0.0,61.62162162162163
"service today, V2 seed 4",calib_0126,random_1,0.9205756542509145,1.1266666666666667,0.09275328063013773,67.33333333333333,70.0,0.0,0.0,70.0,30.0,5.333333333333334,6.0,18.666666666666668,0.0,96.19047619047619
"service today, V2 seed 4",calib_0127,random_2,0.9051012180912452,0.9933333333333333,0.10305931274438179,43.214285714285715,82.66666666666667,0.0,0.0,82.66666666666667,17.333333333333336,11.333333333333332,0.6666666666666667,5.333333333333334,0.0,97.58064516129032
"service today, V2 seed 4",calib_0128,random_3,0.908614078767157,1.6367041198501873,0.10572348739911756,24.867895398621652,18.352059925093634,0.0,0.0,18.352059925093634,81.64794007490637,4.119850187265917,6.367041198501873,71.16104868913857,0.0,91.83673469387756
"service today, V2 seed 4",calib_0129,random_5,0.8933308074104458,1.0265957446808511,0.11994120964196611,44.23185341789993,80.85106382978722,0.0,0.0,80.85106382978722,19.148936170212767,6.914893617021277,2.127659574468085,10.106382978723403,0.0,99.3421052631579
"service today, V2 seed 4",calib_0130,random_8,0.906680366662594,1.142548596112311,0.10694710491966664,55.67705990576134,68.46652267818575,0.0,0.0,68.46652267818575,31.533477321814257,3.2397408207343417,6.263498920086392,22.03023758099352,0.0,80.4416403785489
"service today, V2 seed 4",calib_0131,random_1,0.9243258847041013,1.490566037735849,0.0917950393628847,37.735849056603776,49.056603773584904,0.0,0.0,49.056603773584904,50.943396226415096,7.547169811320755,5.660377358490567,37.735849056603776,0.0,76.92307692307693
"service today, V2 seed 4",calib_0132,random_2,0.9209211127713143,2.0475,0.09686467759720895,2.6462395543175488,14.249999999999998,0.0,0.0,14.249999999999998,85.75,5.0,1.25,79.5,0.0,33.33333333333333
"service today, V2 seed 4",calib_0133,random_3,0.9266831749452756,1.33,0.08428541553936812,9.408602150537636,45.25,0.0,0.0,45.25,54.75,3.75,8.0,43.0,0.0,38.67403314917127
"service today, V2 seed 4",calib_0134,random_5,0.9158375406903874,1.4565217391304348,0.10400830317965332,28.34381551362683,52.17391304347826,0.0,0.0,52.17391304347826,47.82608695652174,6.521739130434782,2.1739130434782608,39.130434782608695,0.0,91.66666666666666
"service today, V2 seed 4",calib_0135,random_8,0.9061656823343178,1.24,0.11152254741681976,45.625,61.6,0.0,0.0,61.6,38.4,9.6,2.4,26.400000000000002,0.0,90.9090909090909
"service today, V2 seed 4",calib_0136,myeloid,0.9154493481449473,1.2967479674796747,0.0945956956673006,27.775621118012424,51.21951219512195,0.0,0.0,51.21951219512195,48.78048780487805,10.569105691056912,3.6585365853658534,34.552845528455286,0.0,73.80952380952381
"service today, V2 seed 4",calib_0137,lymphoid,0.9042761679749505,1.285,0.11160394890613229,53.09214584173889,54.75,0.0,0.0,54.75,45.25,3.5000000000000004,5.25,36.5,0.0,98.17351598173516
"service today, V2 seed 4",calib_0138,pbmc_like,0.9004113115327592,1.325,0.10763768534721443,21.75662435336765,37.5,0.0,0.0,37.5,62.5,6.875000000000001,10.0,45.625,0.0,81.66666666666667
"service today, V2 seed 4",calib_0139,scope2_like,0.9244597812486955,1.76,0.08881812080888063,15.454545454545453,19.333333333333332,0.0,0.0,19.333333333333332,80.66666666666666,11.333333333333332,4.666666666666667,64.66666666666666,0.0,44.827586206896555
"service today, V2 seed 4",calib_0154,random_1,0.9332956678875197,2.1132075471698113,0.08101006474282764,0.0,5.660377358490567,0.0,0.0,5.660377358490567,94.33962264150944,7.547169811320755,3.7735849056603774,83.01886792452831,0.0,0.0
"service today, V2 seed 4",calib_0155,random_2,0.9304596262306735,1.7746913580246915,0.09122591648432565,8.0,23.765432098765434,0.0,0.0,23.765432098765434,76.23456790123457,2.1604938271604937,6.790123456790123,67.28395061728395,0.0,51.94805194805194
"service today, V2 seed 4",calib_0156,random_3,0.9110297867273813,0.915,0.11407880841803028,61.43671143671144,89.5,0.0,0.0,89.5,10.5,3.25,6.25,1.0,0.0,93.01675977653632
"service today, V2 seed 4",calib_0157,random_5,0.9288983855062101,2.191011235955056,0.09768986147179061,8.0,3.3707865168539324,0.0,0.0,3.3707865168539324,96.62921348314607,7.865168539325842,0.0,88.76404494382022,0.0,66.66666666666666
"service today, V2 seed 4",calib_0158,random_8,0.9021388349207187,1.1225,0.11098128292277291,29.312939994966943,66.25,0.0,0.0,66.25,33.75,8.5,5.0,20.25,0.0,63.39622641509434
"service today, V2 seed 4",calib_0159,random_1,0.9325252080495875,2.1133333333333333,0.0833663771126683,8.666666666666668,24.0,0.0,0.0,24.0,76.0,4.0,2.666666666666667,68.66666666666667,0.6666666666666667,36.11111111111111
"service today, V2 seed 4",calib_0160,random_2,0.9237730880047803,2.7065217391304346,0.0942779677067035,0.0,4.891304347826087,0.0,0.0,4.891304347826087,95.1086956521739,4.3478260869565215,0.0,90.76086956521739,0.0,0.0
"service today, V2 seed 4",calib_0161,random_3,0.9222762238327172,1.0526315789473684,0.10925301516345348,81.4460393407762,93.6842105263158,0.0,0.0,93.6842105263158,6.315789473684211,2.1052631578947367,0.0,4.2105263157894735,0.0,93.25842696629213
"service today, V2 seed 4",calib_0162,random_5,0.9087988416534167,1.5434782608695652,0.10868014793715645,32.47036510194405,32.065217391304344,0.0,0.0,32.065217391304344,67.93478260869566,9.782608695652174,1.6304347826086956,56.52173913043478,0.0,96.61016949152543
"service today, V2 seed 4",calib_0163,random_8,0.9264784654823315,1.6666666666666667,0.10661666425086497,29.985632183908052,39.166666666666664,0.0,0.0,39.166666666666664,60.83333333333333,7.5,0.0,53.333333333333336,0.0,100.0
"service today, V2 seed 4",calib_0164,myeloid,0.9269901033645178,2.3133333333333335,0.08802162499797213,0.0,16.0,0.0,0.0,16.0,84.0,16.0,3.3333333333333335,64.66666666666666,0.0,0.0
"service today, V2 seed 4",calib_0165,lymphoid,0.9074618428699527,1.5142857142857142,0.10904799714020742,45.3351012536162,35.0,0.0,0.0,35.0,65.0,5.238095238095238,1.9047619047619049,57.85714285714286,0.0,95.91836734693877
"service today, V2 seed 4",calib_0166,pbmc_like,0.9132469503032141,1.8625,0.10402610528166811,18.066978444336932,19.375,0.0,0.0,19.375,80.625,4.375,0.625,75.625,0.0,74.19354838709677
"service today, V2 seed 4",calib_0167,scope2_like,0.9280336576196716,2.1666666666666665,0.0892180127873022,20.0,16.0,0.0,0.0,16.0,84.0,6.0,2.0,76.0,0.0,66.66666666666666
"service today, V2 seed 4",calib_0182,random_1,0.9295133058930108,2.494,0.08412945742761994,0.0,8.4,0.0,0.0,8.4,91.60000000000001,4.9,4.8,81.89999999999999,0.0,0.0
"service today, V2 seed 4",calib_0183,random_2,0.9111224601096192,1.1304347826086956,0.10165643625118437,67.5,78.26086956521739,0.0,0.0,78.26086956521739,21.73913043478261,8.695652173913043,0.0,13.043478260869565,0.0,55.55555555555556
"service today, V2 seed 4",calib_0184,random_3,0.9233291780713866,1.6962025316455696,0.0921789181367625,41.267537493952595,32.278481012658226,0.0,0.0,32.278481012658226,67.72151898734177,5.69620253164557,3.1645569620253164,58.86075949367089,0.0,80.3921568627451
"service today, V2 seed 4",calib_0185,random_5,0.9187485136501313,1.5562913907284768,0.10821198166256518,18.064516129032256,39.0728476821192,0.0,0.0,39.0728476821192,60.9271523178808,6.622516556291391,0.0,54.3046357615894,0.0,94.91525423728814
"service today, V2 seed 4",calib_0186,random_8,0.9023683678407282,0.9679334916864608,0.11430500463223446,55.838458109148384,78.38479809976246,0.0,0.0,78.38479809976246,21.61520190023753,4.156769596199525,8.669833729216151,8.788598574821853,0.0,93.03030303030303
"service today, V2 seed 4",calib_0187,random_1,0.9247466635862831,1.7133333333333334,0.08895854285202696,0.0,6.0,0.0,0.0,6.0,94.0,7.333333333333333,8.0,78.66666666666666,0.0,0.0
"service today, V2 seed 4",calib_0188,random_2,0.9096780913295042,1.0851851851851853,0.10679925577603314,71.4333185644661,80.74074074074075,0.0,0.0,80.74074074074075,19.25925925925926,4.444444444444445,1.8518518518518516,12.962962962962962,0.0,86.23853211009175
"service today, V2 seed 4",calib_0189,random_3,0.9142193478267209,1.3846153846153846,0.10065148290681215,43.23899371069182,36.53846153846153,0.0,0.0,36.53846153846153,63.46153846153846,7.6923076923076925,7.6923076923076925,48.07692307692308,0.0,84.21052631578947
"service today, V2 seed 4",calib_0190,random_5,0.9033117584865467,1.4657933042212519,0.105744471340063,43.46395837820675,39.5924308588064,0.0,0.0,39.5924308588064,60.4075691411936,6.11353711790393,2.3289665211062593,51.96506550218341,0.0,81.25
"service today, V2 seed 4",calib_0191,random_8,0.9174206663251578,1.7593052109181142,0.0993718190715771,13.183760683760685,17.866004962779154,0.0,0.0,17.866004962779154,82.13399503722084,7.6923076923076925,2.2332506203473943,71.712158808933,0.49627791563275436,43.05555555555556
"service today, V2 seed 4",calib_0192,myeloid,0.9046479216696196,0.987012987012987,0.1156058707083528,50.18158783783784,83.11688311688312,0.0,0.0,83.11688311688312,16.883116883116884,7.142857142857142,3.896103896103896,5.844155844155844,0.0,90.625
"service today, V2 seed 4",calib_0193,lymphoid,0.9284681058005663,1.7647058823529411,0.10579238166296374,33.33333333333333,31.372549019607842,0.0,0.0,31.372549019607842,68.62745098039215,5.88235294117647,0.0,62.745098039215684,0.0,100.0
"service today, V2 seed 4",calib_0194,pbmc_like,0.904504029110343,1.5625850340136054,0.10539347247694039,28.260903701973078,23.605442176870746,0.0,0.0,23.605442176870746,76.39455782312925,5.850340136054422,5.986394557823129,64.5578231292517,0.0,65.4178674351585
"service today, V2 seed 4",calib_0195,scope2_like,0.9300694775553509,2.6066666666666665,0.08954401843328368,15.0,14.000000000000002,0.0,0.0,14.000000000000002,86.0,4.0,1.3333333333333335,80.66666666666666,0.0,57.14285714285714
"service today, V2 seed 4",calib_0210,random_1,0.9334750300657653,1.6928104575163399,0.07912505497968256,0.0,19.389978213507625,0.0,0.0,19.389978213507625,80.61002178649237,5.228758169934641,13.507625272331156,61.87363834422658,0.0,0.0
"service today, V2 seed 4",calib_0211,random_2,0.9025213467250107,1.2466666666666666,0.11777368120939875,51.81784107946027,64.66666666666666,0.0,0.0,64.66666666666666,35.333333333333336,2.0,4.0,29.333333333333332,0.0,95.87628865979381
"service today, V2 seed 4",calib_0212,random_3,0.9187262980706832,1.5666666666666667,0.0929655880729193,19.15954415954416,23.333333333333332,0.0,0.0,23.333333333333332,76.66666666666667,15.333333333333332,2.666666666666667,58.666666666666664,0.0,74.28571428571429
"service today, V2 seed 4",calib_0213,random_5,0.9356595678670283,1.9024390243902438,0.10682621066452715,21.000000000000004,34.146341463414636,0.0,0.0,34.146341463414636,65.85365853658537,2.4390243902439024,0.0,63.41463414634146,0.0,92.85714285714286
"service today, V2 seed 4",calib_0214,random_8,0.9147677134883102,1.6422413793103448,0.11083204923208978,33.59375,38.793103448275865,0.0,0.0,38.793103448275865,61.206896551724135,6.0344827586206895,0.43103448275862066,54.741379310344826,0.0,100.0
"service today, V2 seed 4",calib_0215,random_1,0.9370564643049348,1.8375,0.07034111753102659,0.25,15.25,0.0,0.0,15.25,84.75,12.5,12.0,60.25,0.0,1.639344262295082
"service today, V2 seed 4",calib_0216,random_2,0.9309212168390403,1.4782608695652173,0.09774051838932919,7.5,47.82608695652174,0.0,0.0,47.82608695652174,52.17391304347826,8.695652173913043,0.0,43.47826086956522,0.0,27.27272727272727
"service today, V2 seed 4",calib_0217,random_3,0.9051650336324903,0.9516616314199395,0.11150250275393186,77.22567287784679,83.08157099697885,0.0,0.0,83.08157099697885,16.91842900302115,9.06344410876133,4.833836858006042,3.0211480362537766,0.0,79.63636363636364
"service today, V2 seed 4",calib_0218,random_5,0.9278609920732046,1.295,0.10684523967185883,54.896588772495306,69.5,0.0,0.0,69.5,30.5,3.5000000000000004,2.75,24.25,0.0,96.40287769784173
"service today, V2 seed 4",calib_0219,random_8,0.9151076029843532,1.6901408450704225,0.10953455901438783,49.276315789473685,29.577464788732392,0.0,0.0,29.577464788732392,70.4225352112676,4.929577464788732,1.4084507042253522,64.08450704225352,0.0,83.33333333333334
"service today, V2 seed 4",calib_0220,myeloid,0.9314820422399884,2.5172413793103448,0.09094737799177287,38.67924528301887,30.17241379310345,0.0,0.0,30.17241379310345,69.82758620689656,3.4482758620689653,3.4482758620689653,62.93103448275862,0.0,94.28571428571428
"service today, V2 seed 4",calib_0221,lymphoid,0.9116856112788887,1.3,0.11456583056005357,61.61616161616161,59.333333333333336,0.0,0.0,59.333333333333336,40.666666666666664,7.333333333333333,0.0,33.33333333333333,0.0,100.0
"service today, V2 seed 4",calib_0222,pbmc_like,0.9128219858473241,1.8104575163398693,0.10410514464435895,16.71717171717172,21.568627450980394,0.0,0.0,21.568627450980394,78.43137254901961,3.2679738562091507,1.9607843137254901,73.20261437908496,0.0,78.78787878787878
"service today, V2 seed 4",calib_0223,scope2_like,0.9231902775727624,1.6293103448275863,0.08963335395278525,31.598165760869566,33.04597701149425,0.0,0.0,33.04597701149425,66.95402298850574,6.4655172413793105,5.603448275862069,54.310344827586206,0.5747126436781609,67.82608695652173
"service today, V2 seed 4",calib_0238,random_1,0.9186786986329325,0.964,0.0985515011580085,80.4,83.5,0.0,0.0,83.5,16.5,3.5000000000000004,7.5,5.5,0.0,96.2874251497006
"service today, V2 seed 4",calib_0239,random_2,0.9180442213963517,1.3645083932853717,0.10355761564129914,63.18576226908005,69.30455635491607,0.0,0.0,69.30455635491607,30.69544364508393,2.877697841726619,2.158273381294964,25.65947242206235,0.0,96.53979238754326
