model,smooth,rule,T,nll,ece_T1,ece_fitted
V2_s0,True,centroid,0.14060712576942577,1.0414206761373535,0.5216762706806496,0.06784053986345526
V2_s1,True,centroid,0.14060712576942577,1.000924448119757,0.5348502984995153,0.0718965526546439
V2_s2,True,centroid,0.15345534297879426,1.0094568596935882,0.5314246841012386,0.07410518698379391
V2_s3,True,centroid,0.15345534297879426,1.0456154045432078,0.5035920103333034,0.0504192463409514
V2_s4,True,centroid,0.15345534297879426,0.9819163522450123,0.5287876331535647,0.06846407026267137
v3_s0,True,centroid,0.3088726701937538,2.208867560588152,0.3290131494345361,0.07255947489591721
V2_s0,True,knn,0.7405021401205948,1.3259031793041822,0.15590600954726763,0.06558663201963548
V2_s1,True,knn,0.7405021401205948,1.3602396235409218,0.1525800873349754,0.07486133292757866
V2_s2,True,knn,0.8081667928770515,1.3528389535499519,0.14808981988069547,0.0666769558182897
V2_s3,True,knn,0.8081667928770515,1.3772158537488388,0.14638235571927832,0.040799009773750936
V2_s4,True,knn,0.7405021401205948,1.3188972922528466,0.1500615776968851,0.07599094313803599
v3_s0,True,knn,1.146567786189935,2.2938777450913785,0.10417801948688903,0.042625895806715164
V2_s0,False,centroid,0.1674775880658808,1.2272904683098738,0.48430101265564446,0.05250955428434744
V2_s1,False,centroid,0.1674775880658808,1.1657525044756976,0.5101701765132707,0.06857772079410747
V2_s2,False,centroid,0.1674775880658808,1.164582585559739,0.5011754602740035,0.06822578660378581
V2_s3,False,centroid,0.1674775880658808,1.2021345210021295,0.4758872643956714,0.04348887462563035
V2_s4,False,centroid,0.1674775880658808,1.138016148685009,0.5048219186104609,0.048442685801039914
v3_s0,False,centroid,0.33709644004162526,2.257949230356015,0.31642314939609945,0.06792671518865123
V2_s0,False,knn,0.8081667928770515,1.4998845343482532,0.1116745137360042,0.06321605994660419
V2_s1,False,knn,0.8081667928770515,1.483269222775819,0.11742903125022705,0.07197701327976935
V2_s2,False,knn,0.8081667928770515,1.4731838068410759,0.11730551256620961,0.07070101066238868
V2_s3,False,knn,0.8081667928770515,1.5054535689478816,0.10335789175403795,0.06524845749315646
V2_s4,False,knn,0.8081667928770515,1.453456809813971,0.11800575451751423,0.07404073207136092
v3_s0,False,knn,1.146567786189935,2.3385538334441414,0.11982674688115333,0.022173198730967198
