score,scheme,false_abstention,worst_scenario,worst_scenario_name,rejected_scrambled,rejected_repeated,rejected_held_out,rejected_mean,auc_scrambled,auc_repeated,auc_held_out
maxcos,band,0.03970,0.14458,random_1,0.31690,0.36082,0.14441,0.27404,0.88796,0.89948,0.64617
maxcos,class,0.04358,0.14720,random_1,0.23503,0.19553,0.18228,0.20428,0.88796,0.89948,0.64617
maxcos,div,0.04283,0.14432,random_1,0.17730,0.20670,0.15023,0.17807,0.88796,0.89948,0.64617
maxcos,class_div,0.04349,0.14694,random_1,0.23331,0.19491,0.18173,0.20332,0.88796,0.89948,0.64617
energy,band,0.03404,0.19487,random_1,0.61435,0.54604,0.30084,0.48708,0.93014,0.93612,0.73710
energy,class,0.04529,0.20927,random_1,0.42212,0.39624,0.36088,0.39308,0.93014,0.93612,0.73710
energy,div,0.03546,0.19958,random_1,0.60692,0.53473,0.30000,0.48055,0.93014,0.93612,0.73710
energy,class_div,0.04493,0.20822,random_1,0.42147,0.39610,0.36067,0.39274,0.93014,0.93612,0.73710
knn50_ref,band,0.04115,0.24437,random_1,0.52150,0.46853,0.27849,0.42284,0.89205,0.91155,0.69849
knn50_ref,class,0.04326,0.20220,random_1,0.35588,0.31998,0.31263,0.32950,0.89205,0.91155,0.69849
knn50_ref,div,0.04201,0.25039,random_1,0.50429,0.44063,0.27971,0.40821,0.89205,0.91155,0.69849
knn50_ref,class_div,0.04289,0.20141,random_1,0.35469,0.31964,0.31176,0.32870,0.89205,0.91155,0.69849
relmaha_cal,band,0.08490,0.31561,random_1,0.30897,0.39413,0.47946,0.39419,0.85388,0.88698,0.82371
relmaha_cal,class,0.07760,0.25956,random_1,0.30265,0.38373,0.55705,0.41448,0.85388,0.88698,0.82371
relmaha_cal,div,0.08862,0.34625,random_1,0.28361,0.33632,0.47811,0.36601,0.85388,0.88698,0.82371
relmaha_cal,class_div,0.07763,0.25956,random_1,0.30173,0.38339,0.55694,0.41402,0.85388,0.88698,0.82371
