model,family,smooth,lineage_acc,n_labelled,lymphoid_recall,pred_lymphoid_pct,myeloid_recall,pred_myeloid_pct
v3_shipped,v3 production,True,45.90163934426229,122,43.58974358974359,39.24050632911392,100.0,57.383966244725734
v3_shipped,v3 production,False,45.90163934426229,122,43.58974358974359,39.66244725738397,100.0,54.008438818565395
v3_seed0,v3 production,True,45.90163934426229,122,43.58974358974359,39.24050632911392,100.0,57.383966244725734
v3_seed0,v3 production,False,45.90163934426229,122,43.58974358974359,39.66244725738397,100.0,54.008438818565395
v3_seed1,v3 production,True,57.377049180327866,122,55.55555555555556,49.36708860759494,100.0,50.210970464135016
v3_seed1,v3 production,False,47.540983606557376,122,45.2991452991453,42.19409282700422,100.0,54.85232067510548
v3_seed2,v3 production,True,49.18032786885246,122,47.008547008547005,44.303797468354425,100.0,50.63291139240506
v3_seed2,v3 production,False,45.90163934426229,122,43.58974358974359,41.77215189873418,100.0,45.14767932489451
v3_seed3,v3 production,True,64.75409836065575,122,63.24786324786324,57.80590717299579,100.0,40.92827004219409
v3_seed3,v3 production,False,54.91803278688525,122,52.991452991452995,52.742616033755276,100.0,41.77215189873418
v3_seed4,v3 production,True,56.557377049180324,122,54.700854700854705,45.9915611814346,100.0,50.63291139240506
v3_seed4,v3 production,False,56.557377049180324,122,54.700854700854705,50.210970464135016,100.0,42.19409282700422
V0r_v3_recipe_seed0,NB1b,True,63.934426229508205,122,62.39316239316239,54.008438818565395,100.0,42.616033755274266
V0r_v3_recipe_seed0,NB1b,False,56.557377049180324,122,54.700854700854705,48.9451476793249,100.0,43.459915611814345
V1_row_seed0,NB1b,True,5.737704918032787,122,3.418803418803419,5.063291139240507,60.0,45.56962025316456
V1_row_seed0,NB1b,False,5.737704918032787,122,5.982905982905983,7.59493670886076,0.0,26.582278481012654
V2_batchgene_aug_seed0,NB1b,True,91.80327868852459,122,92.3076923076923,77.21518987341773,80.0,16.455696202531644
V2_batchgene_aug_seed0,NB1b,False,90.1639344262295,122,90.5982905982906,75.10548523206751,80.0,19.40928270042194
V3_dual_aug_seed0,NB1b,True,0.819672131147541,122,0.8547008547008548,2.109704641350211,0.0,18.565400843881857
V3_dual_aug_seed0,NB1b,False,4.098360655737705,122,2.564102564102564,4.219409282700422,40.0,21.09704641350211
V3_dual_aug_seed1,NB1b,True,0.0,122,0.0,2.109704641350211,0.0,17.29957805907173
V3_dual_aug_seed1,NB1b,False,5.737704918032787,122,5.128205128205128,8.016877637130802,20.0,24.050632911392405
V3_dual_aug_seed2,NB1b,True,10.655737704918032,122,11.11111111111111,13.080168776371309,0.0,15.611814345991561
V3_dual_aug_seed2,NB1b,False,13.934426229508196,122,14.529914529914532,15.18987341772152,0.0,24.050632911392405
