model,family,smooth,scope2_bal_unres,scope2_bal_restr,scope2_in_support,scope2_mac_recall_restr,pbmcfile_lineage_acc,pbmcfile_n_labelled,pbmcfile_lymphoid_recall,pbmcfile_pred_lymphoid_pct,pbmcfile_myeloid_recall,pbmcfile_pred_myeloid_pct
v3_shipped,v3 production,True,31.083265404424022,79.7915354403646,45.77181208053691,66.24365482233503,43.44262295081967,122,41.02564102564102,29.11392405063291,100.0,27.42616033755274
v3_shipped,v3 production,False,29.653979399014414,74.33699840675831,42.41610738255034,65.73604060913706,43.44262295081967,122,41.02564102564102,30.801687763713083,100.0,35.44303797468354
v3_seed0,v3 production,True,31.083265404424022,79.7915354403646,45.77181208053691,66.24365482233503,43.44262295081967,122,41.02564102564102,29.11392405063291,100.0,27.42616033755274
v3_seed0,v3 production,False,29.653979399014414,74.33699840675831,42.41610738255034,65.73604060913706,43.44262295081967,122,41.02564102564102,30.801687763713083,100.0,35.44303797468354
v3_seed1,v3 production,True,48.197413761161954,60.809959613175735,71.00671140939598,25.63451776649746,43.44262295081967,122,41.02564102564102,28.691983122362867,100.0,64.55696202531645
v3_seed1,v3 production,False,43.17986031346104,67.1542109748416,61.61073825503356,44.16243654822335,48.36065573770492,122,46.15384615384615,35.0210970464135,100.0,55.69620253164557
v3_seed2,v3 production,True,26.642335766423358,58.45691763310978,39.79865771812081,17.00507614213198,33.60655737704918,122,30.76923076923077,24.050632911392405,100.0,48.9451476793249
v3_seed2,v3 production,False,24.45834414020527,60.37204972396161,38.45637583892618,22.84263959390863,39.34426229508197,122,37.60683760683761,30.37974683544304,80.0,46.41350210970464
v3_seed3,v3 production,True,21.927220349031085,66.77280558746156,29.328859060402685,35.27918781725889,39.34426229508197,122,36.75213675213676,27.42616033755274,100.0,41.35021097046413
v3_seed3,v3 production,False,22.70948349327504,66.3439271555078,31.476510067114095,38.07106598984771,45.08196721311475,122,42.73504273504273,32.48945147679325,100.0,42.616033755274266
v3_seed4,v3 production,True,0.13686131386861314,50.787126236614924,0.20134228187919465,2.030456852791878,47.540983606557376,122,45.2991452991453,33.33333333333333,100.0,35.0210970464135
v3_seed4,v3 production,False,4.75772536959502,56.21317944347697,6.174496644295302,19.543147208121827,53.278688524590166,122,51.28205128205128,38.39662447257383,100.0,37.9746835443038
V0r_v3_recipe_seed0,NB1b,True,9.124087591240876,82.79947385972062,13.624161073825503,97.71573604060913,45.90163934426229,122,43.58974358974359,32.48945147679325,100.0,23.628691983122362
V0r_v3_recipe_seed0,NB1b,False,11.583422875986514,74.58964763422135,17.986577181208055,86.04060913705584,51.63934426229508,122,49.572649572649574,37.552742616033754,100.0,28.270042194092827
V1_row_seed0,NB1b,True,0.0,24.119780280855164,0.0,9.644670050761421,97.54098360655738,122,97.43589743589743,86.07594936708861,100.0,13.924050632911392
V1_row_seed0,NB1b,False,0.0,34.73984771573604,0.0,31.979695431472084,85.24590163934425,122,84.61538461538461,78.05907172995781,100.0,18.565400843881857
V2_batchgene_aug_seed0,NB1b,True,1.7393660380154878,69.67491385379229,2.5503355704697985,96.19289340101524,72.95081967213115,122,71.7948717948718,55.27426160337553,100.0,35.44303797468354
V2_batchgene_aug_seed0,NB1b,False,5.299381229389751,65.6894938678721,10.268456375838927,87.30964467005076,81.9672131147541,122,81.19658119658119,64.13502109704642,100.0,29.535864978902953
V3_dual_aug_seed0,NB1b,True,0.12690355329949238,64.63350809589092,0.20134228187919465,42.13197969543147,46.72131147540984,122,44.44444444444444,41.35021097046413,100.0,54.85232067510548
V3_dual_aug_seed0,NB1b,False,2.4111675126903553,60.60802549186705,2.953020134228188,48.223350253807105,50.0,122,47.863247863247864,41.35021097046413,100.0,47.67932489451477
V3_dual_aug_seed1,NB1b,True,0.0,51.09326948015859,0.2684563758389262,97.71573604060913,50.81967213114754,122,48.717948717948715,46.41350210970464,100.0,48.9451476793249
V3_dual_aug_seed1,NB1b,False,1.2690355329949239,49.89069620956686,3.2885906040268456,88.83248730964468,51.63934426229508,122,49.572649572649574,46.41350210970464,100.0,45.56962025316456
V3_dual_aug_seed2,NB1b,True,0.0,50.13686131386861,0.0,100.0,66.39344262295081,122,64.95726495726495,63.71308016877637,100.0,36.28691983122363
V3_dual_aug_seed2,NB1b,False,0.5076142131979695,49.86568602023046,1.6778523489932886,96.44670050761421,62.295081967213115,122,60.68376068376068,61.18143459915611,100.0,36.708860759493675
