bin,cells,acc_unres,acc_oracle
"[0, 100)",34,0.08823529411764706,0.47058823529411764
"[200, 300)",19,0.631578947368421,0.9473684210526315
"[300, 400)",53,0.32075471698113206,0.7735849056603774
"[400, 600)",274,0.4233576642335766,0.781021897810219
"[600, 800)",6214,0.4262954618603154,0.7597360798197619
"[800, 1000)",1724,0.3138051044083527,0.7447795823665894
"[1000, 1350)",4424,0.304249547920434,0.7603978300180831
"[1350, 2000)",1393,0.2907394113424264,0.7544867193108399
"[2000, 3000)",7638,0.3877978528410579,0.8112071222833203
