score,false_abstention,false_abstention_upload_mean,auc_scrambled,rejected_scrambled,auc_repeated,rejected_repeated,auc_held_out,auc_mean
maxcos,0.06410,0.08086,0.91023,0.59551,0.90122,0.44038,0.61274,0.80806
msp,0.06283,0.06991,0.76257,0.39251,0.74515,0.30693,0.60960,0.70577
energy,0.05989,0.07427,0.94348,0.78337,0.91920,0.65621,0.73448,0.86572
knn1_ref,0.06698,0.08139,0.89040,0.51687,0.87850,0.41824,0.60579,0.79156
knn10_ref,0.06099,0.07539,0.90742,0.64660,0.90652,0.54062,0.67273,0.82889
knn50_ref,0.06188,0.07589,0.91087,0.69849,0.91153,0.60175,0.68287,0.83509
knn1_cal,0.10150,0.11753,0.75346,0.20162,0.73059,0.30859,0.63520,0.70642
knn10_cal,0.08400,0.10397,0.72077,0.14487,0.70090,0.19841,0.68335,0.70167
knn50_cal,0.07377,0.09548,0.67874,0.09379,0.66285,0.14795,0.70329,0.68163
relmaha_ref,0.04374,0.07563,0.85642,0.01088,0.85760,0.02201,0.67242,0.79548
relmaha_cal,0.08800,0.11060,0.90629,0.59868,0.86471,0.48850,0.83123,0.86741
